horizon,model,MAPE_mean,MAPE_std,RMSE_mean,n_folds
1,Ridge,0.6334,0.5445193293171511,0.656,5
1,Chronos-Bolt-FineTuned,2.4194,2.1589558355834884,2.3736,5
1,Chronos-Bolt-ZeroShot,3.1214,3.271400051965519,2.9406,5
5,Ridge,1.6669999999999998,1.6613198066597532,1.6982,5
5,Chronos-Bolt-FineTuned,2.5873999999999997,2.3375839664063407,2.4588,5
5,Chronos-Bolt-ZeroShot,3.3074,3.4871574096963274,3.0374,5
20,Chronos-Bolt-FineTuned,3.2068,3.0307571991170787,2.8366,5
20,Chronos-Bolt-ZeroShot,3.9257999999999997,4.158217250216731,3.4305999999999996,5
20,Ridge,4.6506,3.2998020849741883,4.1262,5
