horizon,model,metric,mean,std,min,max,count
1,RandomForest,DA,43.60998576740853,7.242249269178285,31.16883116883117,49.275362318840585,5
1,CatBoost,DA,43.84680410489129,8.976699448646936,31.16883116883117,54.385964912280706,5
1,LightGBM,DA,44.67805242256659,8.228693021182751,31.16883116883117,52.63157894736842,5
1,SVR_RBF,DA,45.85084742376823,8.730949063676778,31.16883116883117,54.385964912280706,5
1,ElasticNet,DA,46.34027826710647,9.840444657861013,31.16883116883117,57.971014492753625,5
1,XGBoost,DA,46.68048277009275,9.00293376653607,31.16883116883117,54.385964912280706,5
1,Ridge,DA,54.38372266956827,11.572146415977208,33.76623376623377,60.56338028169014,5
1,SVR_RBF,HitRate_0.5pct,5.777777777777777,7.00088177867705,0.0,16.666666666666664,5
1,ElasticNet,HitRate_0.5pct,6.0,5.0674463337739475,1.1111111111111112,13.333333333333334,5
1,CatBoost,HitRate_0.5pct,6.222222222222221,6.601533678894643,1.1111111111111112,16.666666666666664,5
1,RandomForest,HitRate_0.5pct,6.222222222222223,4.817662975261956,2.2222222222222223,13.333333333333334,5
1,LightGBM,HitRate_0.5pct,6.666666666666667,5.665577237325317,2.2222222222222223,15.555555555555555,5
1,XGBoost,HitRate_0.5pct,6.888888888888888,6.15639785653114,1.1111111111111112,16.666666666666664,5
1,Ridge,HitRate_0.5pct,8.222222222222223,7.140564005804278,3.3333333333333335,20.0,5
1,Ridge,MAE,0.48180181866842703,0.44997572657981777,0.13597072093523443,1.1891710280119403,5
1,ElasticNet,MAE,0.5105663366254117,0.44302239431107837,0.11734341678357352,1.0016200632343684,5
1,RandomForest,MAE,2.2048556882403103,2.494937265182991,0.3477378497916945,5.907522822965946,5
1,LightGBM,MAE,2.33989208131573,2.5587426985838406,0.4497762287023843,6.0002453839511025,5
1,XGBoost,MAE,2.3450451612684464,2.5047082600655,0.4966115315755216,6.093309020996093,5
1,CatBoost,MAE,2.7778005140575908,2.9372425340401653,0.25951765675128513,6.477371137114233,5
1,SVR_RBF,MAE,6.3184349985289545,5.927462070176003,0.9184022145253028,15.42916763589427,5
1,Ridge,MAPE,0.6333689223783598,0.5447882304735273,0.19754805999547845,1.4834207437198554,5
1,ElasticNet,MAPE,0.6692420406066816,0.5400025873293219,0.17493176165329477,1.2763907621398194,5
1,RandomForest,MAPE,2.805752802248942,3.1106878595369234,0.5006829386732217,7.61452855824119,5
1,LightGBM,MAPE,2.973335964935964,3.168345594263408,0.6469082286420762,7.740259684374684,5
1,XGBoost,MAPE,2.994401052992649,3.111114947112029,0.7384310152602362,7.856661286854615,5
1,CatBoost,MAPE,3.5257121716094106,3.6005072561742675,0.3870078213773074,8.369218283621507,5
1,SVR_RBF,MAPE,8.206758242016146,7.0792971382733025,1.3685091400583635,18.688063593229003,5
1,Ridge,MASE,1.008585463555309,0.9241618888445499,0.2968517225917882,2.4055038336286905,5
1,ElasticNet,MASE,1.0815623811270334,0.9531074965325012,0.24218681226969233,2.2083822069603984,5
1,RandomForest,MASE,4.735050998645508,5.537017128985006,0.7591824108235616,13.271206483842867,5
1,LightGBM,MASE,5.0156497848265,5.654566884664835,0.9819529333431836,13.479507033738486,5
1,XGBoost,MASE,5.0374602220435545,5.569069167453873,0.9853992898945936,13.68857380848882,5
1,CatBoost,MASE,5.938272423296411,6.392631564787133,0.5356223275159679,14.55136652184248,5
1,SVR_RBF,MASE,13.163429646319674,12.124783685200416,1.8955039048125422,31.21075187972938,5
1,SVR_RBF,R2,-70.00606457105083,120.11446069960918,-282.63025703882505,-1.1116540442468703,5
1,XGBoost,R2,-5.773100217292301,9.505203194860597,-22.469536442005623,0.5437694412939301,5
1,LightGBM,R2,-3.5314043849224817,4.380300983436818,-10.500565487714578,0.7439850090365463,5
1,RandomForest,R2,-3.0308638900685994,3.882247356272541,-9.07419966687945,0.8489755362730851,5
1,CatBoost,R2,-2.5418808769142083,1.9447497865415868,-4.748425439041606,-0.24803878990113049,5
1,Ridge,R2,0.5028451017458169,0.6230214429366201,-0.4674745590453231,0.9780150148915672,5
1,ElasticNet,R2,0.6286360796938297,0.37521943882868947,0.20941024287599808,0.9599986638912889,5
1,Ridge,RMSE,0.6559943219287762,0.6734099317788,0.18190159346454932,1.7721710464395952,5
1,ElasticNet,RMSE,0.6906743306134404,0.648743338127602,0.15114091164918947,1.6178707384790143,5
1,RandomForest,RMSE,2.652755382273496,2.9040123983249972,0.4767569873192299,6.634010785637903,5
1,LightGBM,RMSE,2.8203796791226585,2.992957542420812,0.5840149026587189,6.68776191489267,5
1,XGBoost,RMSE,2.8619724989800197,2.907403680992647,0.6893957022050825,6.820526011614899,5
1,CatBoost,RMSE,3.2570640902224652,3.3314960301753964,0.3163863784039304,7.114050295092117,5
1,SVR_RBF,RMSE,6.982673179229705,6.385092330897208,1.1808389377603234,16.78018902822043,5
1,Ridge,fit_seconds,0.03298187255859375,0.046236401120027644,0.009424448013305664,0.11555242538452148,5
1,ElasticNet,fit_seconds,0.1411365032196045,0.0245619972518735,0.11525726318359375,0.1739788055419922,5
1,SVR_RBF,fit_seconds,0.19982190132141114,0.04745215254150606,0.15061545372009277,0.256960391998291,5
1,LightGBM,fit_seconds,0.47931551933288574,0.04696474317273302,0.41148853302001953,0.5386803150177002,5
1,XGBoost,fit_seconds,1.9852660179138184,0.38130497587779333,1.719266653060913,2.650800943374634,5
1,RandomForest,fit_seconds,2.0089337825775146,0.5318096761921867,1.5792357921600342,2.9093105792999268,5
1,CatBoost,fit_seconds,4.946087980270386,4.098273220655099,3.096327066421509,12.277255535125732,5
1,CatBoost,n_eval,90.0,0.0,90.0,90.0,5
1,ElasticNet,n_eval,90.0,0.0,90.0,90.0,5
1,LightGBM,n_eval,90.0,0.0,90.0,90.0,5
1,RandomForest,n_eval,90.0,0.0,90.0,90.0,5
1,Ridge,n_eval,90.0,0.0,90.0,90.0,5
1,SVR_RBF,n_eval,90.0,0.0,90.0,90.0,5
1,XGBoost,n_eval,90.0,0.0,90.0,90.0,5
1,Ridge,pred_seconds,0.0008165836334228516,0.0010502359247349343,0.0,0.0025277137756347656,5
1,ElasticNet,pred_seconds,0.0023162364959716797,0.0006117384026060039,0.0018262863159179688,0.003226757049560547,5
1,CatBoost,pred_seconds,0.003308391571044922,0.0015843879223282253,0.0017597675323486328,0.005753040313720703,5
1,LightGBM,pred_seconds,0.004284858703613281,0.0013333456985891404,0.002109527587890625,0.005588531494140625,5
1,XGBoost,pred_seconds,0.004784393310546875,0.0013343444562944346,0.0030317306518554688,0.006261110305786133,5
1,SVR_RBF,pred_seconds,0.016910505294799805,0.0018580789053751466,0.01530909538269043,0.019493818283081055,5
1,RandomForest,pred_seconds,0.04910149574279785,0.0022739806241380348,0.04603004455566406,0.05223798751831055,5
1,Ridge,sMAPE,0.6299566105226927,0.5371194325974464,0.1976164805179102,1.462162467190347,5
1,ElasticNet,sMAPE,0.6690514166545007,0.5394469172537067,0.17496522813918397,1.2867836995703812,5
1,RandomForest,sMAPE,2.9079723272168794,3.27309188573266,0.5026833534047332,7.9921363587461265,5
1,LightGBM,sMAPE,3.0877007012394224,3.339180746802729,0.6507637648781676,8.124714849707775,5
1,XGBoost,sMAPE,3.1063941378046827,3.2861916967902323,0.7355479970869518,8.256624437034628,5
1,CatBoost,sMAPE,3.6795668399150676,3.8040663794632974,0.3862888132160704,8.806869483482924,5
1,SVR_RBF,sMAPE,8.91812506990011,8.008051050462655,1.3836923921353226,21.03396556596621,5
5,LightGBM,DA,37.46486149395032,9.318455270208519,28.235294117647058,47.82608695652174,5
5,XGBoost,DA,39.13706525917734,10.14380736405736,27.906976744186046,47.82608695652174,5
5,RandomForest,DA,39.14960426130606,11.537578934160356,27.906976744186046,53.62318840579711,5
5,SVR_RBF,DA,44.094839143307674,13.25819214134738,29.069767441860467,58.333333333333336,5
5,CatBoost,DA,44.47147928511612,18.52513996374699,24.705882352941178,66.19718309859155,5
5,ElasticNet,DA,49.15583087932619,13.443854989353145,27.906976744186046,59.42028985507246,5
5,Ridge,DA,50.13964805506646,7.013195242994051,41.86046511627907,59.42028985507246,5
5,RandomForest,HitRate_0.5pct,15.11111111111111,10.049261381862234,7.777777777777778,30.0,5
5,SVR_RBF,HitRate_0.5pct,16.0,10.846857654991805,4.444444444444445,31.11111111111111,5
5,LightGBM,HitRate_0.5pct,16.22222222222222,10.732436125371779,7.777777777777778,32.22222222222222,5
5,CatBoost,HitRate_0.5pct,16.444444444444446,9.538744902815445,7.777777777777778,31.11111111111111,5
5,XGBoost,HitRate_0.5pct,16.88888888888889,10.2559828970794,7.777777777777778,32.22222222222222,5
5,ElasticNet,HitRate_0.5pct,18.22222222222222,11.265592760565845,3.3333333333333335,34.44444444444444,5
5,Ridge,HitRate_0.5pct,21.333333333333332,13.775089343439957,4.444444444444445,36.666666666666664,5
5,ElasticNet,MAE,1.0730959149518928,0.9867229779501936,0.24542374274595902,2.4936792856563037,5
5,Ridge,MAE,1.2633685224947644,1.3467689096904858,0.4088524776910674,3.5744291241306567,5
5,LightGBM,MAE,2.4940652046865783,2.558356062827572,0.4649660534575126,6.458696555834918,5
5,RandomForest,MAE,2.5080736211539203,2.55018793574895,0.5205795738400032,6.4591641571276215,5
5,XGBoost,MAE,2.7301653666178383,2.5878963736176086,0.792716488308377,6.662614491780598,5
5,CatBoost,MAE,2.916827641835713,3.0051067935669593,0.33268783608332403,7.013844958620248,5
5,SVR_RBF,MAE,6.477535411066237,5.90876273585804,1.1169802894256082,15.45415609436804,5
5,ElasticNet,MAPE,1.4094296109107776,1.2050920563037584,0.36584832663366484,3.1178867388987332,5
5,Ridge,MAPE,1.6670637712938343,1.6612298904578153,0.5942183030176382,4.522962048334295,5
5,LightGBM,MAPE,3.202232646857964,3.174384901992961,0.6932851025356469,8.295462567391509,5
5,RandomForest,MAPE,3.2290014476556963,3.1629385072337945,0.7765067411727709,8.293553120638649,5
5,XGBoost,MAPE,3.5169829430981814,3.1812965192752465,1.1789247722869247,8.562453932519475,5
5,CatBoost,MAPE,3.7113924801240556,3.6910101665207264,0.4959037623615042,9.025214559759,5
5,SVR_RBF,MAPE,8.416886070321386,7.034455088248223,1.6646962356917292,18.758861445915894,5
5,ElasticNet,MASE,2.25531388717143,2.054514609957725,0.5065336900881977,5.044316536634008,5
5,Ridge,MASE,2.6290423950596207,2.7211863668293828,0.8926080663080714,7.230501549894808,5
5,LightGBM,MASE,5.364601314500681,5.722361616685542,0.9596503100654387,14.509414212628606,5
5,RandomForest,MASE,5.391795175729991,5.70565940037037,1.0744318767669838,14.510464675486482,5
5,XGBoost,MASE,5.861416985645548,5.783282583123319,1.5729442733409813,14.967514352872408,5
5,CatBoost,MASE,6.252149940291564,6.603883558124776,0.6866393421160482,15.756551008088456,5
5,SVR_RBF,MASE,13.523954948059355,12.133529530679857,2.3053521286414016,31.261299556421115,5
5,SVR_RBF,R2,-65.42337958674355,100.5086755065745,-239.48500068364086,-1.684429045179911,5
5,XGBoost,R2,-8.809720530604395,12.555228164047541,-30.541825871616503,-0.3269917751053102,5
5,RandomForest,R2,-4.832605442565045,5.075705311793457,-11.764635731345201,-0.013419559930854641,5
5,LightGBM,R2,-4.600410802208335,4.562576955762537,-10.065773588633109,-0.08874575808609597,5
5,CatBoost,R2,-3.3210567593885956,2.3180414925845643,-5.291919077441957,-0.6386985214862151,5
5,Ridge,R2,-2.8213248885497215,6.1920014862904145,-13.748243455956397,0.8217890380910825,5
5,ElasticNet,R2,-0.61827963073206,1.66450052362566,-2.495605971022658,0.8646927181488003,5
5,ElasticNet,RMSE,1.4522013425124736,1.4964740538161148,0.3079240703050966,3.8453473777031633,5
5,Ridge,RMSE,1.6982875797514638,1.9479042249631024,0.5197877585717362,5.079269375182847,5
5,RandomForest,RMSE,2.958214802877262,2.855958237658278,0.5884189022374735,7.117719260067812,5
5,LightGBM,RMSE,2.9954584382359273,2.875080284996677,0.5478646668927055,7.099139191632869,5
5,XGBoost,RMSE,3.244345599569346,2.9273709277197755,0.9249661029660267,7.279993463423103,5
5,CatBoost,RMSE,3.414871285513386,3.4146256627174467,0.38760559258475913,7.581794107163391,5
5,SVR_RBF,RMSE,7.080309168988263,6.349346981713881,1.3385828298728195,16.74635505062283,5
5,Ridge,fit_seconds,0.008374357223510742,0.001724039139600388,0.005781412124633789,0.010562896728515625,5
5,ElasticNet,fit_seconds,0.16823339462280273,0.03423275513744159,0.13809943199157715,0.221968412399292,5
5,SVR_RBF,fit_seconds,0.1979370594024658,0.046883345969528596,0.14600443840026855,0.25257134437561035,5
5,LightGBM,fit_seconds,0.5043154239654541,0.05673314970228164,0.45365381240844727,0.5911774635314941,5
5,RandomForest,fit_seconds,1.7021193981170655,0.25209414940457897,1.3895447254180908,2.000497579574585,5
5,XGBoost,fit_seconds,1.8871191501617433,0.08787882284389625,1.8138866424560547,2.0281267166137695,5
5,CatBoost,fit_seconds,3.0825811862945556,0.030638559871176668,3.0359301567077637,3.1137077808380127,5
5,CatBoost,n_eval,90.0,0.0,90.0,90.0,5
5,ElasticNet,n_eval,90.0,0.0,90.0,90.0,5
5,LightGBM,n_eval,90.0,0.0,90.0,90.0,5
5,RandomForest,n_eval,90.0,0.0,90.0,90.0,5
5,Ridge,n_eval,90.0,0.0,90.0,90.0,5
5,SVR_RBF,n_eval,90.0,0.0,90.0,90.0,5
5,XGBoost,n_eval,90.0,0.0,90.0,90.0,5
5,Ridge,pred_seconds,0.001600503921508789,0.001361533211991044,0.0,0.0036683082580566406,5
5,ElasticNet,pred_seconds,0.0020225048065185547,0.0008293408694321526,0.0015206336975097656,0.003493785858154297,5
5,LightGBM,pred_seconds,0.0025494575500488283,0.0013525525224481845,0.0006086826324462891,0.004034996032714844,5
5,CatBoost,pred_seconds,0.0029694557189941405,0.00041052876907385843,0.0025157928466796875,0.0035524368286132812,5
5,XGBoost,pred_seconds,0.0036177635192871094,0.0006266626107376095,0.002643585205078125,0.004250049591064453,5
5,SVR_RBF,pred_seconds,0.017484331130981447,0.002966660666829019,0.01280522346496582,0.020363330841064453,5
5,RandomForest,pred_seconds,0.052175712585449216,0.007442343525244196,0.047100067138671875,0.06455850601196289,5
5,ElasticNet,sMAPE,1.3980647154453119,1.1770830671992671,0.3656892847049348,3.0243159566720603,5
5,Ridge,sMAPE,1.63335717461642,1.5774573184140805,0.5957581473902819,4.328911709198273,5
5,LightGBM,sMAPE,3.3163056482136364,3.3586174667295117,0.6900591792874938,8.725559340955593,5
5,RandomForest,sMAPE,3.337384965063875,3.34464320289808,0.7734504809374176,8.725791474451942,5
5,XGBoost,sMAPE,3.6442130622446482,3.3790104971494785,1.1693669807789209,9.016081906412333,5
5,CatBoost,sMAPE,3.8780678851398624,3.9126621510156285,0.4972855839642571,9.519466375256949,5
5,SVR_RBF,sMAPE,9.135978850033927,7.9666032423519155,1.6847581183876228,21.100257832581413,5
20,SVR_RBF,DA,31.246395835753653,17.987239663536187,12.222222222222221,56.32183908045977,5
20,CatBoost,DA,35.65033681675685,24.718517828299095,10.0,63.85542168674698,5
20,RandomForest,DA,41.411217676305924,24.403941602654516,13.48314606741573,68.67469879518072,5
20,XGBoost,DA,45.79960830152453,24.584783418088826,20.0,74.71264367816092,5
20,LightGBM,DA,48.958318407247795,24.046869884820186,14.606741573033707,75.90361445783132,5
20,Ridge,DA,50.78910092333488,18.529966364599048,20.224719101123593,70.12987012987013,5
20,ElasticNet,DA,53.35463832953832,25.844085124807187,16.853932584269664,81.11111111111111,5
20,SVR_RBF,HitRate_0.5pct,18.666666666666664,14.38878163838193,5.555555555555555,40.0,5
20,CatBoost,HitRate_0.5pct,19.11111111111111,15.059552564959894,2.2222222222222223,41.11111111111111,5
20,RandomForest,HitRate_0.5pct,22.444444444444443,16.8398410596294,7.777777777777778,44.44444444444444,5
20,XGBoost,HitRate_0.5pct,26.444444444444446,19.171094496599068,6.666666666666667,52.22222222222223,5
20,LightGBM,HitRate_0.5pct,27.111111111111107,15.842589886788955,12.222222222222221,45.55555555555556,5
20,Ridge,HitRate_0.5pct,34.0,22.216665972048556,4.444444444444445,60.0,5
20,ElasticNet,HitRate_0.5pct,38.0,29.797671629976413,1.1111111111111112,71.11111111111111,5
20,ElasticNet,MAE,2.3224925052223617,2.1664798339559903,0.47613391099227914,5.774321095173356,5
20,LightGBM,MAE,2.523468086030623,2.6659176453726485,0.16608404297289245,6.525943680670207,5
20,XGBoost,MAE,2.5556414666069878,2.3849940247276202,0.2848960028754339,5.8395214674207905,5
20,RandomForest,MAE,2.707910111563808,2.289858086122212,0.19395424616688486,5.99425611423738,5
20,CatBoost,MAE,3.2715486939221434,3.0319933988248504,0.5432048668697503,7.740721683161439,5
20,Ridge,MAE,3.449942154893263,2.652807260858542,1.049380675265451,7.822941310538032,5
20,SVR_RBF,MAE,7.22476926588067,4.8890910994911385,2.760076093184854,14.145791120283384,5
20,ElasticNet,MAPE,3.058819998620382,2.6680444243437074,0.7095344963453832,7.295233146028202,5
20,LightGBM,MAPE,3.2031266532302416,3.286385412535137,0.24745150553837336,8.260320874706064,5
20,XGBoost,MAPE,3.2587016711957433,2.930209378382639,0.4245373060018723,7.385119349843194,5
20,RandomForest,MAPE,3.5009173152141884,2.7843969360827536,0.2891665201090622,7.596756718372637,5
20,CatBoost,MAPE,4.178848424650367,3.6852257513858655,0.8092529133011259,9.806420048509484,5
20,Ridge,MAPE,4.650431863892542,3.299787682896791,1.4917539556968817,9.965665130354843,5
20,SVR_RBF,MAPE,9.510214888889097,5.683774065528981,3.913589527436429,17.256957646750866,5
20,ElasticNet,MASE,4.850463877284348,4.426195214422906,0.9826998162956493,11.680533080480545,5
20,LightGBM,MASE,5.443979546348931,5.93071345578075,0.34278331106256094,14.660484382965386,5
20,XGBoost,MASE,5.505126426505024,5.277622282711536,0.5880010711809887,13.11844193977499,5
20,RandomForest,MASE,5.7958039419819265,5.104293275154039,0.4003050353644095,13.466052183467026,5
20,CatBoost,MASE,7.028916583598091,6.755794885104913,1.1211285534595379,17.38947421274945,5
20,Ridge,MASE,7.143340101040583,5.310807427589432,2.291011321882023,15.82456591144141,5
20,SVR_RBF,MASE,15.12612420619368,10.142421935797433,5.88274618816693,28.614685329527468,5
20,SVR_RBF,R2,-294.3850759414342,477.75886649769404,-1111.9385737294429,-3.211691045207685,5
20,Ridge,R2,-127.77401665808013,233.4363063710573,-538.7884974873224,0.29774668792767056,5
20,CatBoost,R2,-13.947000995268194,19.928013307135114,-48.827155124760445,-0.6976562312724075,5
20,ElasticNet,R2,-12.608279375551094,18.005839266973496,-40.58015689729312,0.5642028792176369,5
20,RandomForest,R2,-6.336780234620586,8.465800318118855,-20.907027874063086,-0.0022214099972732715,5
20,XGBoost,R2,-4.0569191005910445,4.896717629631453,-12.120988052338166,-0.11721943349074793,5
20,LightGBM,R2,-2.7366313199318464,2.761497396743942,-6.5415321507889,-0.01701207176362618,5
20,ElasticNet,RMSE,2.8436933326312763,2.792224824724134,0.5910912098594374,7.493670698659601,5
20,LightGBM,RMSE,2.955907610412254,2.929306890579239,0.21335640004893303,7.029342462344989,5
20,XGBoost,RMSE,3.04359340729397,2.7030878241223113,0.3320432905942786,6.338944327118073,5
20,RandomForest,RMSE,3.098205146193673,2.503620202475745,0.21882151762305074,6.400842907548251,5
20,CatBoost,RMSE,3.8199341305180425,3.339989506572881,0.6470598981641728,8.25166960840244,5
20,Ridge,RMSE,4.126310257154391,3.4164004941135757,1.370309920798673,9.995431133671136,5
20,SVR_RBF,RMSE,7.904071330834978,5.264286540382003,3.0580672843097485,15.456621585816075,5
20,Ridge,fit_seconds,0.010331249237060547,0.0026535364413156765,0.008266448974609375,0.01491403579711914,5
20,ElasticNet,fit_seconds,0.174163293838501,0.02717790911400113,0.15059876441955566,0.21759295463562012,5
20,SVR_RBF,fit_seconds,0.18097271919250488,0.03850531231610545,0.13474583625793457,0.2293415069580078,5
20,LightGBM,fit_seconds,0.6173038482666016,0.14496033590119378,0.4857604503631592,0.852820634841919,5
20,RandomForest,fit_seconds,1.7050169467926026,0.2741730194111223,1.3547418117523193,2.0279390811920166,5
20,XGBoost,fit_seconds,1.8833687782287598,0.05814494078085188,1.8052804470062256,1.9538304805755615,5
20,CatBoost,fit_seconds,3.1049917221069334,0.04618129098301798,3.0340938568115234,3.146454334259033,5
20,CatBoost,n_eval,90.0,0.0,90.0,90.0,5
20,ElasticNet,n_eval,90.0,0.0,90.0,90.0,5
20,LightGBM,n_eval,90.0,0.0,90.0,90.0,5
20,RandomForest,n_eval,90.0,0.0,90.0,90.0,5
20,Ridge,n_eval,90.0,0.0,90.0,90.0,5
20,SVR_RBF,n_eval,90.0,0.0,90.0,90.0,5
20,XGBoost,n_eval,90.0,0.0,90.0,90.0,5
20,Ridge,pred_seconds,0.0012471199035644532,0.0016874205042392372,0.0,0.0041120052337646484,5
20,CatBoost,pred_seconds,0.002038431167602539,0.001579795088829866,0.0,0.004080772399902344,5
20,ElasticNet,pred_seconds,0.002315044403076172,0.0014522968765643782,0.0007529258728027344,0.0046503543853759766,5
20,XGBoost,pred_seconds,0.004338645935058593,0.0007110210189081914,0.0037636756896972656,0.005560159683227539,5
20,LightGBM,pred_seconds,0.004437112808227539,0.00022108349279276768,0.0041196346282958984,0.004631519317626953,5
20,SVR_RBF,pred_seconds,0.018615865707397462,0.003613415135050674,0.013237476348876953,0.02307724952697754,5
20,RandomForest,pred_seconds,0.05005955696105957,0.002310234621580334,0.04636192321777344,0.05222320556640625,5
20,ElasticNet,sMAPE,3.00694355830903,2.516927334507054,0.7092111844312364,6.900625508329485,5
20,LightGBM,sMAPE,3.3172442530304416,3.4535984147426033,0.2473384968679011,8.670300997499659,5
20,XGBoost,sMAPE,3.3711479006211844,3.064390213294435,0.4236380066532984,7.716165606587838,5
20,RandomForest,sMAPE,3.60233983064611,2.9122116234860966,0.288637739436546,7.935686649377647,5
20,CatBoost,sMAPE,4.3659029298674525,3.9241254299323955,0.8139188690959771,10.37763799889209,5
20,Ridge,sMAPE,4.566003006251465,2.9967285050479613,1.5087042796464882,9.220061039922193,5
20,SVR_RBF,sMAPE,10.267700603907178,6.458280258479792,4.028114516686335,19.26940556792526,5
