date,mua_vao,ban_ra
2018-01-01,36.47,36.67
2018-01-02,36.55,36.75
2018-01-03,36.5,36.7
2018-01-04,36.44,36.64
2018-01-05,36.49,36.69
2018-01-08,36.4,36.6
2018-01-09,36.4,36.6
2018-01-10,36.41,36.61
2018-01-11,36.45,36.65
2018-01-12,36.6,36.8
2018-01-15,36.8,37.0
2018-01-16,36.67,36.87
2018-01-17,36.67,36.87
2018-01-18,36.57,36.77
2018-01-19,36.69,36.86
2018-01-22,36.7,36.87
2018-01-23,36.71,36.88
2018-01-24,36.81,36.98
2018-01-25,36.96,37.16
2018-01-26,36.95,37.15
2018-01-29,36.8,36.98
2018-01-30,36.69,36.89
2018-01-31,36.68,36.88
2018-02-01,36.67,36.87
2018-02-02,36.76,36.92
2018-02-05,36.67,36.84
2018-02-06,36.75,36.92
2018-02-07,36.7,36.87
2018-02-08,36.53,36.7
2018-02-09,36.6,36.78
2018-02-12,36.82,37.04
2018-02-13,36.92,37.12
2018-02-21,36.87,37.12
2018-02-22,36.88,37.01
2018-02-23,36.86,36.99
2018-02-26,36.8,36.95
2018-02-27,36.77,36.92
2018-02-28,36.54,36.7
2018-03-01,36.51,36.69
2018-03-02,36.61,36.77
2018-03-05,36.68,36.86
2018-03-06,36.64,36.82
2018-03-07,36.66,36.84
2018-03-08,36.64,36.82
2018-03-09,36.59,36.77
2018-03-12,36.58,36.76
2018-03-13,36.55,36.73
2018-03-14,36.58,36.76
2018-03-15,36.58,36.76
2018-03-16,36.57,36.75
2018-03-19,36.49,36.67
2018-03-20,36.51,36.69
2018-03-21,36.52,36.7
2018-03-22,36.6,36.78
2018-03-23,36.71,36.89
2018-03-26,36.84,37.02
2018-03-27,36.87,37.05
2018-03-28,36.72,36.9
2018-03-29,36.56,36.73
2018-03-30,36.64,36.82
2018-04-02,36.62,36.8
2018-04-03,36.68,36.86
2018-04-04,36.74,36.92
2018-04-05,36.57,36.75
2018-04-06,36.6,36.78
2018-04-09,36.62,36.8
2018-04-10,36.67,36.85
2018-04-11,36.73,36.91
2018-04-12,36.84,37.04
2018-04-13,36.78,36.96
2018-04-17,36.84,37.02
2018-04-18,36.81,36.99
2018-04-19,36.89,37.09
2018-04-20,36.8,36.98
2018-04-23,36.65,36.83
2018-04-24,36.64,36.84
2018-04-26,36.61,36.79
2018-04-27,36.62,36.82
2018-05-02,36.54,36.72
2018-05-03,36.57,36.75
2018-05-04,36.57,36.75
2018-05-07,36.55,36.73
2018-05-08,36.55,36.73
2018-05-09,36.54,36.72
2018-05-10,36.56,36.74
2018-05-11,36.65,36.83
2018-05-14,36.63,36.81
2018-05-15,36.55,36.73
2018-05-16,36.48,36.68
2018-05-17,36.46,36.66
2018-05-18,36.48,36.68
2018-05-21,36.49,36.69
2018-05-22,36.5,36.7
2018-05-23,36.5,36.7
2018-05-24,36.54,36.7
2018-05-25,36.6,36.75
2018-05-28,36.55,36.69
2018-05-29,36.59,36.74
2018-05-30,36.55,36.7
2018-05-31,36.57,36.72
2018-06-01,36.57,36.72
2018-06-04,36.55,36.7
2018-06-05,36.56,36.71
2018-06-06,36.56,36.72
2018-06-07,36.59,36.75
2018-06-08,36.61,36.77
2018-06-11,36.78,36.96
2018-06-12,36.85,37.03
2018-06-13,36.77,36.97
2018-06-14,36.8,37.0
2018-06-15,36.77,36.97
2018-06-18,36.74,36.92
2018-06-19,36.76,36.94
2018-06-20,36.74,36.92
2018-06-21,36.65,36.83
2018-06-22,36.79,36.97
2018-06-25,36.75,36.92
2018-06-26,36.7,36.85
2018-06-27,36.69,36.86
2018-06-28,36.64,36.81
2018-06-29,36.61,36.78
2018-07-02,36.7,36.88
2018-07-03,36.67,36.86
2018-07-04,36.68,36.87
2018-07-05,36.69,36.88
2018-07-06,36.75,36.93
2018-07-09,36.84,37.02
2018-07-10,36.8,36.98
2018-07-11,36.83,37.01
2018-07-12,36.79,36.97
2018-07-13,36.82,37.0
2018-07-16,36.78,36.96
2018-07-17,36.76,36.94
2018-07-18,36.59,36.77
2018-07-19,36.53,36.71
2018-07-20,36.65,36.83
2018-07-23,36.72,36.9
2018-07-24,36.74,36.92
2018-07-25,36.77,36.95
2018-07-26,36.7,36.88
2018-07-27,36.7,36.88
2018-07-30,36.71,36.89
2018-07-31,36.66,36.84
2018-08-01,36.66,36.84
2018-08-02,36.6,36.78
2018-08-03,36.61,36.79
2018-08-06,36.65,36.83
2018-08-07,36.68,36.86
2018-08-08,36.63,36.81
2018-08-09,36.61,36.78
2018-08-10,36.62,36.79
2018-08-13,36.59,36.77
2018-08-14,36.56,36.74
2018-08-15,36.54,36.72
2018-08-16,36.56,36.74
2018-08-17,36.55,36.73
2018-08-20,36.59,36.77
2018-08-21,36.56,36.74
2018-08-22,36.58,36.76
2018-08-23,36.56,36.74
2018-08-24,36.57,36.75
2018-08-27,36.62,36.8
2018-08-28,36.6,36.78
2018-08-29,36.56,36.73
2018-08-30,36.57,36.74
2018-08-31,36.56,36.73
2018-09-04,36.55,36.72
2018-09-05,36.56,36.73
2018-09-06,36.6,36.77
2018-09-07,36.59,36.76
2018-09-10,36.52,36.69
2018-09-11,36.53,36.7
2018-09-12,36.52,36.69
2018-09-13,36.54,36.71
2018-09-14,36.55,36.71
2018-09-17,36.53,36.69
2018-09-18,36.52,36.68
2018-09-19,36.53,36.68
2018-09-20,36.51,36.66
2018-09-21,36.54,36.69
2018-09-24,36.47,36.62
2018-09-25,36.41,36.56
2018-09-26,36.41,36.56
2018-09-27,36.35,36.5
2018-09-28,36.28,36.43
2018-10-01,36.32,36.47
2018-10-02,36.36,36.51
2018-10-03,36.38,36.53
2018-10-04,36.38,36.52
2018-10-05,36.38,36.52
2018-10-08,36.38,36.52
2018-10-09,36.36,36.5
2018-10-10,36.36,36.5
2018-10-11,36.39,36.53
2018-10-12,36.46,36.6
2018-10-15,36.53,36.67
2018-10-16,36.49,36.63
2018-10-17,36.52,36.66
2018-10-18,36.49,36.63
2018-10-19,36.49,36.63
2018-10-22,36.47,36.61
2018-10-23,36.52,36.66
2018-10-24,36.48,36.62
2018-10-25,36.46,36.6
2018-10-26,36.5,36.64
2018-10-29,36.43,36.57
2018-10-30,36.38,36.52
2018-10-31,36.36,36.5
2018-11-01,36.41,36.56
2018-11-02,36.44,36.6
2018-11-05,36.44,36.59
2018-11-06,36.38,36.54
2018-11-07,36.41,36.57
2018-11-08,36.37,36.53
2018-11-09,36.35,36.51
2018-11-12,36.32,36.48
2018-11-13,36.32,36.48
2018-11-14,36.36,36.5
2018-11-15,36.42,36.58
2018-11-16,36.48,36.64
2018-11-19,36.49,36.65
2018-11-20,36.46,36.62
2018-11-21,36.43,36.59
2018-11-22,36.41,36.57
2018-11-23,36.38,36.54
2018-11-26,36.37,36.53
2018-11-27,36.32,36.48
2018-11-28,36.29,36.45
2018-11-29,36.34,36.5
2018-11-30,36.32,36.48
2018-12-03,36.32,36.48
2018-12-04,36.33,36.49
2018-12-05,36.3,36.46
2018-12-06,36.26,36.42
2018-12-07,36.27,36.43
2018-12-10,36.35,36.51
2018-12-11,36.31,36.47
2018-12-12,36.26,36.42
2018-12-13,36.22,36.38
2018-12-14,36.25,36.41
2018-12-17,36.25,36.43
2018-12-18,36.24,36.42
2018-12-19,36.23,36.41
2018-12-20,36.22,36.4
2018-12-21,36.25,36.43
2018-12-24,36.26,36.44
2018-12-25,36.23,36.41
2018-12-26,36.28,36.46
2018-12-27,36.27,36.45
2018-12-28,36.34,36.54
2018-12-31,36.27,36.57
2019-01-02,36.38,36.58
2019-01-07,36.63,36.81
2019-01-08,36.54,36.72
2019-01-09,36.5,36.67
2019-01-10,36.58,36.76
2019-01-11,36.55,36.73
2019-01-14,36.53,36.71
2019-01-15,36.5,36.68
2019-01-16,36.47,36.65
2019-01-17,36.54,36.72
2019-01-18,36.56,36.74
2019-01-21,36.41,36.59
2019-01-22,36.35,36.53
2019-01-23,36.37,36.55
2019-01-24,36.36,36.54
2019-01-25,36.48,36.66
2019-01-28,36.58,36.78
2019-01-29,36.65,36.85
2019-01-30,36.72,36.92
2019-01-31,36.9,37.1
2019-02-01,36.88,37.1
2019-02-11,36.93,37.13
2019-02-12,36.95,37.15
2019-02-13,36.78,37.02
2019-02-14,36.5,37.0
2019-02-15,36.68,36.88
2019-02-18,36.8,37.0
2019-02-19,36.8,37.0
2019-02-20,36.95,37.15
2019-02-21,36.93,37.13
2019-02-22,36.9,37.1
2019-02-25,36.87,37.07
2019-02-26,36.86,37.06
2019-02-27,36.85,37.05
2019-02-28,36.8,37.0
2019-03-01,36.66,36.86
2019-03-04,36.42,36.6
2019-03-05,36.43,36.6
2019-03-06,36.46,36.61
2019-03-07,36.45,36.62
2019-03-08,36.47,36.64
2019-03-11,36.48,36.65
2019-03-12,36.47,36.63
2019-03-13,36.57,36.73
2019-03-14,36.51,36.67
2019-03-15,36.5,36.65
2019-03-18,36.5,36.65
2019-03-19,36.52,36.67
2019-03-20,36.51,36.66
2019-03-21,36.65,36.8
2019-03-22,36.56,36.7
2019-03-25,36.65,36.78
2019-03-26,36.67,36.79
2019-03-27,36.65,36.77
2019-03-28,36.61,36.73
2019-03-29,36.4,36.52
2019-04-01,36.37,36.53
2019-04-02,36.33,36.49
2019-04-03,36.33,36.49
2019-04-04,36.35,36.5
2019-04-05,36.33,36.48
2019-04-08,36.37,36.52
2019-04-09,36.37,36.52
2019-04-10,36.41,36.56
2019-04-11,36.42,36.57
2019-04-12,36.34,36.49
2019-04-16,36.29,36.44
2019-04-17,36.2,36.35
2019-04-18,36.21,36.36
2019-04-19,36.2,36.35
2019-04-22,36.2,36.35
2019-04-23,36.14,36.31
2019-04-24,36.1,36.27
2019-04-25,36.18,36.35
2019-04-26,36.25,36.42
2019-05-02,36.1,36.27
2019-05-03,36.07,36.24
2019-05-06,36.2,36.37
2019-05-07,36.16,36.33
2019-05-08,36.2,36.37
2019-05-09,36.18,36.35
2019-05-10,36.24,36.41
2019-05-13,36.2,36.37
2019-05-14,36.38,36.55
2019-05-15,36.34,36.51
2019-05-16,36.34,36.51
2019-05-17,36.3,36.47
2019-05-20,36.2,36.37
2019-05-21,36.15,36.32
2019-05-22,36.13,36.3
2019-05-23,36.16,36.33
2019-05-24,36.25,36.42
2019-05-27,36.28,36.45
2019-05-28,36.23,36.4
2019-05-29,36.19,36.36
2019-05-30,36.15,36.34
2019-05-31,36.33,36.5
2019-06-03,36.64,36.81
2019-06-04,36.82,37.02
2019-06-05,36.9,37.15
2019-06-06,36.95,37.2
2019-06-07,37.0,37.2
2019-06-10,37.05,37.25
2019-06-11,36.91,37.11
2019-06-12,37.15,37.4
2019-06-13,37.2,37.4
2019-06-14,37.4,37.8
2019-06-17,37.3,37.5
2019-06-18,37.5,37.7
2019-06-19,37.4,37.6
2019-06-20,38.18,38.43
2019-06-21,38.4,38.65
2019-06-24,38.6,38.85
2019-06-25,39.1,39.4
2019-06-26,38.8,39.05
2019-06-27,38.45,38.7
2019-06-28,38.65,38.9
2019-07-01,38.1,38.35
2019-07-02,38.25,38.45
2019-07-03,38.85,39.15
2019-07-04,38.75,39.0
2019-07-05,38.85,39.1
2019-07-08,38.8,39.05
2019-07-09,38.55,38.75
2019-07-10,38.7,38.9
2019-07-11,39.05,39.35
2019-07-12,38.92,39.15
2019-07-15,39.1,39.3
2019-07-16,39.05,39.25
2019-07-17,38.95,39.15
2019-07-18,39.17,39.42
2019-07-19,39.6,39.9
2019-07-22,39.5,39.75
2019-07-23,39.35,39.6
2019-07-24,39.49,39.74
2019-07-25,39.55,39.8
2019-07-26,39.37,39.62
2019-07-29,39.4,39.62
2019-07-30,39.53,39.73
2019-07-31,39.6,39.8
2019-08-01,39.21,39.44
2019-08-02,39.65,39.9
2019-08-05,40.25,40.55
2019-08-06,40.5,40.8
2019-08-07,41.2,41.6
2019-08-08,41.85,42.25
2019-08-09,41.65,42.05
2019-08-12,41.35,41.7
2019-08-13,41.85,42.2
2019-08-14,41.3,41.65
2019-08-15,41.6,42.0
2019-08-16,41.5,41.85
2019-08-19,41.3,41.65
2019-08-20,41.45,41.75
2019-08-21,41.3,41.6
2019-08-22,41.43,41.73
2019-08-23,41.45,41.75
2019-08-26,42.4,42.8
2019-08-27,42.3,42.7
2019-08-28,42.4,42.8
2019-08-29,42.55,42.9
2019-08-30,42.3,42.65
2019-09-03,42.35,42.65
2019-09-04,42.4,42.75
2019-09-05,42.55,42.9
2019-09-06,42.1,42.45
2019-09-09,41.75,42.1
2019-09-10,41.4,41.8
2019-09-11,41.3,41.7
2019-09-12,41.6,41.95
2019-09-13,41.8,42.15
2019-09-16,41.6,41.95
2019-09-17,41.55,41.85
2019-09-18,41.65,41.95
2019-09-19,41.65,41.95
2019-09-20,41.65,41.95
2019-09-23,41.98,42.28
2019-09-24,42.05,42.35
2019-09-25,42.25,42.6
2019-09-26,41.95,42.25
2019-09-27,41.7,42.0
2019-09-30,41.5,41.8
2019-10-01,40.95,41.25
2019-10-02,41.2,41.55
2019-10-03,41.65,41.95
2019-10-04,41.75,42.05
2019-10-07,41.65,41.95
2019-10-08,41.6,41.85
2019-10-09,41.79,42.04
2019-10-10,41.8,42.05
2019-10-11,41.77,42.02
2019-10-14,41.56,41.83
2019-10-15,41.47,41.74
2019-10-16,41.42,41.69
2019-10-17,41.43,41.7
2019-10-18,41.48,41.75
2019-10-21,41.5,41.77
2019-10-22,41.44,41.72
2019-10-23,41.55,41.82
2019-10-24,41.5,41.76
2019-10-25,41.65,41.93
2019-10-28,41.72,41.98
2019-10-29,41.63,41.91
2019-10-30,41.53,41.81
2019-10-31,41.68,41.96
2019-11-01,41.86,42.14
2019-11-04,41.79,42.05
2019-11-05,41.71,41.98
2019-11-06,41.57,41.84
2019-11-07,41.6,41.87
2019-11-08,41.37,41.65
2019-11-11,41.3,41.56
2019-11-12,41.07,41.34
2019-11-13,41.16,41.42
2019-11-14,41.24,41.5
2019-11-15,41.23,41.48
2019-11-18,41.19,41.41
2019-11-19,41.26,41.48
2019-11-20,41.42,41.64
2019-11-21,41.41,41.63
2019-11-22,41.39,41.62
2019-11-25,41.17,41.4
2019-11-26,41.17,41.4
2019-11-27,41.17,41.4
2019-11-28,41.1,41.33
2019-11-29,41.17,41.4
2019-12-02,41.13,41.35
2019-12-03,41.22,41.44
2019-12-04,41.35,41.58
2019-12-05,41.36,41.58
2019-12-06,41.33,41.55
2019-12-09,41.2,41.42
2019-12-10,41.23,41.45
2019-12-11,41.22,41.44
2019-12-12,41.3,41.53
2019-12-13,41.29,41.52
2019-12-16,41.38,41.6
2019-12-17,41.41,41.63
2019-12-18,41.42,41.64
2019-12-19,41.36,41.58
2019-12-20,41.4,41.63
2019-12-23,41.52,41.74
2019-12-24,41.67,41.89
2019-12-25,41.85,42.12
2019-12-26,41.9,42.2
2019-12-27,42.02,42.37
2019-12-30,42.13,42.53
2019-12-31,42.25,42.75
2020-01-02,42.29,42.64
2020-01-03,42.71,43.03
2020-01-06,43.95,44.45
2020-01-07,43.65,44.0
2020-01-08,44.0,44.5
2020-01-09,42.95,43.45
2020-01-10,42.95,43.35
2020-01-13,42.9,43.3
2020-01-14,42.85,43.25
2020-01-15,42.95,43.3
2020-01-16,43.0,43.35
2020-01-17,43.1,43.45
2020-01-20,43.45,43.85
2020-01-21,43.4,43.85
2020-01-22,43.3,43.75
2020-01-30,44.2,44.6
2020-01-31,44.25,44.65
2020-02-03,43.8,44.5
2020-02-04,43.55,43.95
2020-02-05,43.45,43.9
2020-02-06,43.5,43.95
2020-02-07,43.6,44.0
2020-02-10,43.9,44.35
2020-02-11,43.85,44.2
2020-02-12,43.85,44.2
2020-02-13,43.95,44.3
2020-02-14,43.9,44.25
2020-02-17,44.15,44.45
2020-02-18,44.33,44.63
2020-02-19,44.7,45.05
2020-02-20,44.65,45.0
2020-02-21,45.25,45.65
2020-02-24,47.8,49.0
2020-02-25,46.5,47.4
2020-02-26,46.15,46.95
2020-02-27,46.0,46.7
2020-02-28,45.85,46.5
2020-03-02,46.0,46.45
2020-03-03,45.9,46.4
2020-03-04,46.35,47.0
2020-03-05,46.45,46.95
2020-03-06,46.8,47.3
2020-03-09,47.15,47.85
2020-03-10,46.9,47.55
2020-03-11,46.85,47.45
2020-03-12,46.9,47.5
2020-03-13,46.1,47.0
2020-03-19,45.8,46.6
2020-03-20,45.85,46.65
2020-03-23,45.8,46.5
2020-03-24,46.5,47.2
2020-03-25,46.65,47.35
2020-03-26,46.75,47.45
2020-03-27,46.95,47.75
2020-03-30,47.25,48.35
2020-03-31,47.0,48.2
2020-04-01,47.05,48.05
2020-04-02,47.05,48.05
2020-04-03,47.05,48.05
2020-04-06,47.1,48.1
2020-04-07,47.1,48.1
2020-04-08,47.15,48.0
2020-04-09,47.25,48.1
2020-04-10,47.4,48.25
2020-04-13,47.55,48.4
2020-04-14,47.75,48.55
2020-04-15,47.5,48.3
2020-04-16,47.6,48.35
2020-04-17,47.5,48.25
2020-04-20,47.25,48.0
2020-04-21,47.5,48.15
2020-04-22,47.5,48.15
2020-04-23,47.8,48.45
2020-04-24,47.85,48.5
2020-04-27,47.9,48.55
2020-04-28,47.95,48.6
2020-04-29,47.85,48.5
2020-05-04,47.9,48.5
2020-05-05,47.85,48.45
2020-05-06,47.85,48.45
2020-05-07,47.8,48.25
2020-05-08,47.95,48.4
2020-05-11,47.8,48.25
2020-05-12,48.3,48.67
2020-05-13,48.0,48.4
2020-05-14,48.17,48.55
2020-05-15,48.3,48.67
2020-05-18,48.9,49.4
2020-05-19,48.58,49.03
2020-05-20,48.65,49.1
2020-05-21,48.5,48.95
2020-05-22,48.5,48.95
2020-05-25,48.5,48.9
2020-05-26,48.47,48.85
2020-05-27,48.32,48.7
2020-05-28,48.43,48.8
2020-05-29,48.5,48.87
2020-06-01,48.65,49.0
2020-06-02,48.62,48.97
2020-06-03,48.48,48.83
2020-06-04,48.45,48.8
2020-06-05,48.48,48.82
2020-06-08,48.35,48.7
2020-06-09,48.37,48.72
2020-06-10,48.42,48.77
2020-06-11,48.45,48.8
2020-06-12,48.45,48.8
2020-06-15,48.38,48.72
2020-06-16,48.32,48.67
2020-06-17,48.25,48.6
2020-06-18,48.28,48.61
2020-06-19,48.39,48.72
2020-06-22,48.55,48.9
2020-06-23,48.68,49.03
2020-06-24,48.86,49.24
2020-06-25,48.82,49.2
2020-06-26,48.85,49.2
2020-06-29,48.97,49.32
2020-06-30,49.04,49.39
2020-07-01,49.45,49.85
2020-07-02,49.26,49.64
2020-07-03,49.48,49.85
2020-07-06,49.64,50.02
2020-07-07,49.7,50.15
2020-07-08,49.95,50.35
2020-07-09,50.4,50.8
2020-07-10,50.25,50.7
2020-07-13,50.2,50.6
2020-07-14,50.17,50.53
2020-07-15,50.3,50.67
2020-07-16,50.32,50.69
2020-07-17,50.32,50.69
2020-07-20,50.55,50.93
2020-07-21,51.05,51.5
2020-07-22,52.1,53.05
2020-07-23,53.5,54.8
2020-07-24,53.7,55.3
2020-07-27,55.45,56.9
2020-07-28,55.9,57.4
2020-07-29,56.3,57.7
2020-07-30,56.55,57.8
2020-07-31,56.68,57.98
2020-08-03,56.75,57.9
2020-08-04,56.83,57.98
2020-08-05,57.9,59.1
2020-08-06,59.6,61.4
2020-08-07,60.75,62.4
2020-08-10,56.65,58.28
2020-08-11,53.58,55.48
2020-08-12,52.56,56.38
2020-08-13,53.18,55.78
2020-08-14,54.43,56.17
2020-08-17,55.1,56.5
2020-08-18,56.5,58.15
2020-08-19,55.55,56.95
2020-08-20,55.05,56.45
2020-08-21,55.35,56.75
2020-08-24,55.45,56.55
2020-08-25,55.1,56.15
2020-08-26,54.95,56.0
2020-08-27,55.3,56.3
2020-08-28,55.8,56.75
2020-08-31,56.45,57.4
2020-09-01,56.75,57.7
2020-09-03,55.85,56.8
2020-09-04,55.85,56.8
2020-09-07,55.65,56.5
2020-09-08,55.6,56.4
2020-09-09,55.7,56.45
2020-09-10,56.05,56.75
2020-09-11,55.95,56.65
2020-09-14,55.95,56.5
2020-09-15,56.15,56.7
2020-09-16,56.25,56.75
2020-09-17,56.05,56.5
2020-09-18,56.1,56.55
2020-09-21,56.1,56.55
2020-09-22,55.7,56.15
2020-09-23,55.4,55.85
2020-09-24,54.45,55.0
2020-09-25,55.15,55.65
2020-09-28,54.65,55.3
2020-09-29,55.05,55.55
2020-09-30,55.1,55.6
2020-10-01,55.55,56.05
2020-10-02,56.05,56.55
2020-10-05,55.85,56.35
2020-10-06,55.85,56.35
2020-10-07,55.7,56.2
2020-10-08,55.65,56.15
2020-10-09,55.8,56.3
2020-10-12,55.9,56.4
2020-10-13,56.0,56.5
2020-10-14,55.8,56.3
2020-10-15,55.7,56.2
2020-10-16,55.85,56.3
2020-10-19,55.9,56.4
2020-10-20,55.9,56.4
2020-10-21,55.95,56.45
2020-10-22,55.95,56.45
2020-10-23,55.9,56.4
2020-10-26,55.85,56.35
2020-10-27,55.9,56.35
2020-10-28,55.95,56.4
2020-10-29,55.8,56.3
2020-10-30,55.85,56.35
2020-11-02,56.1,56.6
2020-11-03,56.2,56.7
2020-11-04,55.85,56.35
2020-11-05,56.05,56.55
2020-11-06,56.25,56.75
2020-11-09,56.5,57.0
2020-11-10,55.85,56.35
2020-11-11,55.93,56.43
2020-11-12,55.85,56.35
2020-11-13,55.85,56.35
2020-11-16,55.9,56.4
2020-11-17,55.8,56.3
2020-11-18,55.8,56.3
2020-11-19,55.65,56.1
2020-11-20,55.7,56.15
2020-11-23,55.62,56.07
2020-11-24,55.0,55.45
2020-11-25,54.25,54.8
2020-11-26,54.5,55.0
2020-11-27,54.4,54.9
2020-11-30,53.2,53.75
2020-12-01,53.7,54.3
2020-12-02,54.45,55.1
2020-12-03,54.85,55.5
2020-12-04,54.7,55.35
2020-12-07,54.65,55.2
2020-12-08,54.95,55.5
2020-12-09,54.75,55.3
2020-12-10,54.45,55.05
2020-12-11,54.75,55.25
2020-12-14,54.6,55.1
2020-12-15,54.75,55.25
2020-12-16,54.9,55.4
2020-12-17,55.05,55.55
2020-12-18,55.0,55.5
2020-12-21,55.25,55.8
2020-12-22,55.05,55.55
2020-12-23,55.1,55.6
2020-12-24,55.3,55.8
2020-12-25,55.3,55.8
2020-12-28,55.25,55.75
2020-12-29,55.4,55.9
2020-12-30,55.4,55.9
2020-12-31,55.55,56.1
2021-01-04,56.25,56.8
2021-01-05,56.6,57.15
2021-01-06,56.75,57.3
2021-01-07,56.3,56.8
2021-01-08,55.75,56.35
2021-01-11,55.85,56.45
2021-01-12,56.05,56.65
2021-01-13,55.9,56.5
2021-01-14,55.85,56.45
2021-01-15,56.05,56.6
2021-01-18,55.9,56.45
2021-01-19,55.85,56.4
2021-01-20,56.05,56.6
2021-01-21,56.0,56.55
2021-01-22,55.9,56.45
2021-01-25,56.0,56.55
2021-01-26,56.1,56.6
2021-01-27,56.15,56.65
2021-01-28,56.15,56.65
2021-01-29,56.25,56.75
2021-02-01,56.6,57.1
2021-02-02,56.35,56.85
2021-02-03,56.35,56.85
2021-02-04,56.25,56.75
2021-02-05,56.35,56.9
2021-02-08,56.5,57.05
2021-02-09,56.75,57.35
2021-02-17,56.35,56.9
2021-02-18,56.05,56.5
2021-02-19,55.75,56.3
2021-02-22,55.8,56.3
2021-02-23,56.1,56.6
2021-02-24,56.05,56.5
2021-02-25,56.05,56.45
2021-02-26,55.95,56.35
2021-03-01,55.85,56.25
2021-03-02,55.7,56.1
2021-03-03,55.6,56.0
2021-03-04,55.6,56.0
2021-03-05,55.1,55.5
2021-03-08,55.1,55.5
2021-03-09,54.7,55.15
2021-03-10,54.98,55.38
2021-03-11,55.5,55.8
2021-03-12,55.2,55.6
2021-03-15,55.3,55.7
2021-03-16,55.25,55.65
2021-03-17,55.25,55.65
2021-03-18,55.1,55.5
2021-03-19,55.1,55.5
2021-03-22,55.05,55.45
2021-03-23,55.2,55.6
2021-03-24,55.1,55.5
2021-03-25,55.08,55.48
2021-03-26,54.9,55.3
2021-03-29,54.77,55.17
2021-03-30,54.45,54.85
2021-03-31,54.1,54.5
2021-04-01,54.5,54.9
2021-04-02,54.95,55.35
2021-04-05,54.7,55.1
2021-04-06,54.85,55.25
2021-04-07,54.85,55.25
2021-04-08,54.85,55.25
2021-04-09,54.85,55.25
2021-04-12,54.85,55.25
2021-04-13,54.8,55.2
2021-04-14,54.9,55.3
2021-04-15,54.93,55.3
2021-04-16,55.08,55.45
2021-04-23,55.4,55.75
2021-04-26,55.15,55.5
2021-04-27,55.3,55.65
2021-04-28,55.3,55.65
2021-04-29,55.3,55.65
2021-05-03,55.37,55.75
2021-05-04,55.3,55.65
2021-05-05,55.31,55.66
2021-05-06,55.35,55.7
2021-05-07,55.62,55.97
2021-05-10,55.9,56.3
2021-05-11,55.88,56.23
2021-05-12,55.78,56.13
2021-05-13,55.72,56.07
2021-05-14,55.9,56.25
2021-05-17,56.02,56.37
2021-05-18,56.08,56.43
2021-05-19,55.9,56.25
2021-05-20,55.98,56.33
2021-05-21,56.08,56.43
2021-05-24,56.05,56.4
2021-05-25,56.07,56.42
2021-05-26,56.15,56.55
2021-05-27,56.14,56.54
2021-05-28,56.3,56.7
2021-05-31,56.6,57.4
2021-06-01,56.95,57.65
2021-06-02,56.95,57.55
2021-06-03,56.75,57.35
2021-06-04,56.6,57.25
2021-06-07,56.6,57.2
2021-06-08,56.75,57.35
2021-06-09,56.65,57.25
2021-06-10,56.7,57.3
2021-06-11,56.9,57.5
2021-06-14,56.55,57.15
2021-06-15,56.6,57.2
2021-06-16,56.65,57.25
2021-06-17,56.25,56.85
2021-06-18,56.2,56.8
2021-06-21,56.35,56.95
2021-06-22,56.45,57.0
2021-06-23,56.55,57.1
2021-06-24,56.5,57.05
2021-06-25,56.5,57.05
2021-06-28,56.5,57.0
2021-06-29,56.4,56.9
2021-06-30,56.25,56.85
2021-07-01,56.3,56.9
2021-07-02,56.6,57.15
2021-07-05,56.75,57.35
2021-07-06,56.8,57.4
2021-07-07,56.85,57.45
2021-07-08,56.9,57.55
2021-07-09,56.8,57.5
2021-07-12,56.6,57.35
2021-07-13,56.6,57.35
2021-07-14,56.65,57.4
2021-07-15,56.85,57.6
2021-07-16,56.75,57.5
2021-07-19,56.9,57.55
2021-07-20,56.9,57.55
2021-07-21,56.8,57.45
2021-07-22,56.8,57.45
2021-07-23,56.85,57.5
2021-07-26,56.8,57.45
2021-07-27,56.6,57.3
2021-07-28,56.5,57.2
2021-07-29,56.65,57.35
2021-07-30,56.7,57.4
2021-08-02,56.5,57.2
2021-08-03,56.6,57.3
2021-08-04,56.65,57.35
2021-08-05,56.55,57.25
2021-08-06,56.55,57.25
2021-08-09,56.2,56.9
2021-08-10,56.25,56.95
2021-08-11,56.2,56.9
2021-08-12,56.4,57.1
2021-08-13,56.4,57.1
2021-08-17,56.65,57.35
2021-08-19,56.55,57.25
2021-08-20,56.45,57.15
2021-08-23,56.4,57.1
2021-08-24,56.5,57.2
2021-08-25,56.45,57.15
2021-08-26,56.3,57.0
2021-08-27,56.4,57.1
2021-08-30,56.6,57.3
2021-08-31,56.7,57.4
2021-09-03,56.65,57.35
2021-09-08,56.5,57.2
2021-09-09,56.55,57.25
2021-09-10,56.6,57.3
2021-09-14,56.55,57.25
2021-09-15,56.65,57.35
2021-09-16,56.5,57.2
2021-09-17,56.0,56.65
2021-09-20,56.15,56.8
2021-09-21,56.45,57.1
2021-09-22,56.5,57.15
2021-09-23,56.7,57.35
2021-09-24,56.4,57.05
2021-09-27,56.35,57.0
2021-09-28,56.45,57.1
2021-09-29,56.35,56.95
2021-09-30,56.25,56.85
2021-10-01,56.6,57.2
2021-10-04,56.7,57.4
2021-10-05,56.75,57.45
2021-10-06,56.75,57.45
2021-10-07,57.15,57.85
2021-10-08,57.15,57.85
2021-10-11,57.25,57.95
2021-10-12,57.35,58.05
2021-10-13,57.35,58.05
2021-10-14,57.3,58.0
2021-10-15,57.1,57.8
2021-10-18,57.1,57.8
2021-10-19,57.3,58.0
2021-10-20,57.35,58.05
2021-10-21,57.4,58.1
2021-10-22,57.5,58.2
2021-10-25,57.55,58.25
2021-10-26,57.9,58.6
2021-10-27,58.0,58.7
2021-10-28,57.8,58.5
2021-10-29,57.8,58.5
2021-11-01,57.6,58.3
2021-11-02,57.85,58.55
2021-11-03,57.9,58.6
2021-11-04,57.8,58.5
2021-11-05,58.05,58.75
2021-11-08,58.3,59.0
2021-11-09,58.6,59.3
2021-11-10,58.7,59.4
2021-11-11,59.3,60.0
2021-11-12,60.0,60.7
2021-11-15,60.1,60.8
2021-11-16,61.1,61.8
2021-11-17,61.1,61.8
2021-11-18,61.0,61.75
2021-11-19,60.1,60.8
2021-11-22,59.3,60.0
2021-11-23,59.25,60.05
2021-11-24,59.4,60.1
2021-11-25,59.45,60.15
2021-11-26,60.25,61.05
2021-11-29,59.95,60.65
2021-11-30,60.0,60.7
2021-12-01,59.95,60.65
2021-12-02,60.0,60.7
2021-12-03,60.15,60.85
2021-12-06,60.8,61.5
2021-12-07,60.65,61.35
2021-12-08,60.4,61.1
2021-12-09,60.55,61.25
2021-12-10,60.55,61.25
2021-12-13,60.85,61.55
2021-12-14,60.9,61.6
2021-12-15,60.7,61.4
2021-12-16,60.85,61.55
2021-12-17,61.05,61.75
2021-12-20,61.0,61.7
2021-12-21,60.85,61.55
2021-12-22,60.85,61.55
2021-12-23,60.9,61.6
2021-12-24,60.85,61.55
2021-12-27,60.85,61.55
2021-12-28,60.8,61.5
2021-12-29,60.6,61.3
2021-12-30,60.6,61.3
2021-12-31,60.95,61.65
2022-01-03,60.85,61.6
2022-01-04,60.9,61.6
2022-01-05,61.0,61.7
2022-01-06,60.75,61.45
2022-01-07,60.9,61.6
2022-01-10,60.9,61.5
2022-01-11,61.0,61.65
2022-01-12,60.95,61.6
2022-01-13,61.05,61.7
2022-01-14,61.05,61.7
2022-01-17,61.1,61.7
2022-01-18,61.1,61.7
2022-01-19,61.15,61.75
2022-01-20,61.1,61.7
2022-01-21,61.15,61.75
2022-01-24,61.5,62.1
2022-01-25,61.9,62.55
2022-01-26,61.8,62.45
2022-01-27,61.95,62.55
2022-01-28,61.8,62.5
2022-02-07,62.8,63.45
2022-02-08,61.8,62.5
2022-02-09,61.35,62.15
2022-02-10,61.2,62.2
2022-02-11,61.65,62.35
2022-02-14,62.25,62.95
2022-02-15,62.25,62.95
2022-02-16,62.2,62.9
2022-02-17,62.55,63.15
2022-02-18,62.55,63.2
2022-02-21,62.8,63.4
2022-02-22,63.0,63.6
2022-02-23,63.3,63.9
2022-02-24,64.95,65.65
2022-02-25,64.8,65.8
2022-02-28,65.15,65.95
2022-03-01,65.65,66.4
2022-03-02,66.6,67.4
2022-03-03,66.6,67.35
2022-03-04,66.95,67.7
2022-03-07,71.7,73.5
2022-03-08,70.2,72.0
2022-03-09,68.4,70.2
2022-03-10,67.8,69.6
2022-03-11,68.4,70.2
2022-03-14,67.3,69.0
2022-03-15,67.4,68.7
2022-03-16,67.0,68.2
2022-03-17,67.7,68.7
2022-03-18,68.1,69.1
2022-03-21,67.7,68.7
2022-03-22,67.85,68.75
2022-03-23,68.1,68.8
2022-03-24,68.2,68.9
2022-03-25,68.55,69.25
2022-03-28,68.6,69.3
2022-03-29,68.4,69.1
2022-03-30,68.0,68.7
2022-03-31,68.15,68.85
2022-04-01,68.4,69.1
2022-04-04,68.3,69.0
2022-04-05,68.2,68.85
2022-04-06,68.15,68.8
2022-04-07,68.2,68.85
2022-04-08,68.4,69.05
2022-04-12,68.85,69.5
2022-04-13,69.2,69.8
2022-04-14,68.95,69.55
2022-04-15,69.1,69.7
2022-04-18,70.35,71.0
2022-04-19,70.05,70.75
2022-04-20,69.5,70.2
2022-04-21,69.7,70.4
2022-04-22,69.8,70.5
2022-04-25,69.55,70.25
2022-04-26,69.45,70.15
2022-04-27,69.35,70.05
2022-04-28,69.2,69.9
2022-04-29,69.65,70.35
2022-05-03,69.2,69.95
2022-05-04,69.4,70.1
2022-05-05,69.65,70.35
2022-05-06,69.75,70.45
2022-05-09,69.6,70.3
2022-05-10,69.45,70.15
2022-05-11,69.5,70.2
2022-05-12,69.7,70.3
2022-05-13,68.8,69.8
2022-05-16,68.25,69.25
2022-05-17,68.25,69.25
2022-05-18,68.25,69.25
2022-05-19,68.25,69.25
2022-05-20,68.9,69.8
2022-05-23,69.05,69.95
2022-05-24,69.0,69.9
2022-05-25,68.1,69.1
2022-05-26,68.3,69.3
2022-05-27,68.55,69.55
2022-05-30,68.3,69.3
2022-05-31,68.3,69.3
2022-06-01,68.3,69.3
2022-06-02,68.55,69.45
2022-06-03,68.8,69.7
2022-06-06,68.6,69.5
2022-06-07,68.7,69.6
2022-06-08,68.7,69.6
2022-06-09,68.8,69.7
2022-06-10,68.55,69.45
2022-06-13,67.75,68.65
2022-06-14,67.6,68.4
2022-06-15,67.65,68.45
2022-06-16,67.8,68.6
2022-06-17,67.95,68.75
2022-06-20,67.85,68.65
2022-06-21,67.85,68.65
2022-06-22,67.75,68.55
2022-06-23,67.9,68.7
2022-06-24,67.8,68.6
2022-07-07,67.85,68.45
2022-07-08,68.0,68.6
2022-07-11,67.6,68.2
2022-07-12,67.65,68.25
2022-07-13,67.6,68.2
2022-07-14,67.6,68.2
2022-07-15,67.35,67.95
2022-07-18,63.5,64.5
2022-07-19,63.3,65.3
2022-07-20,64.7,66.5
2022-07-21,63.2,65.2
2022-07-22,64.9,66.4
2022-07-25,65.3,66.5
2022-07-26,65.0,66.0
2022-07-27,65.1,66.1
2022-07-28,65.0,66.0
2022-07-29,65.7,66.7
2022-08-01,66.8,67.8
2022-08-02,67.4,68.4
2022-08-03,66.0,67.0
2022-08-04,66.4,67.4
2022-08-05,66.6,67.6
2022-08-08,66.3,67.3
2022-08-09,66.2,67.2
2022-08-10,66.0,67.0
2022-08-11,66.2,67.2
2022-08-12,66.3,67.3
2022-08-15,66.1,67.1
2022-08-16,66.0,67.0
2022-08-17,66.2,67.2
2022-08-18,66.2,67.2
2022-08-19,66.2,67.2
2022-08-22,66.0,67.0
2022-08-23,66.25,67.05
2022-08-24,66.3,67.1
2022-08-25,66.05,66.85
2022-08-26,66.1,66.9
2022-08-29,65.75,66.55
2022-08-30,65.9,66.7
2022-08-31,65.85,66.65
2022-09-01,65.85,66.65
2022-09-05,65.9,66.7
2022-09-06,66.0,66.8
2022-09-07,66.0,66.8
2022-09-08,66.15,66.95
2022-09-09,66.2,67.0
2022-09-12,66.2,67.0
2022-09-13,66.25,67.05
2022-09-14,66.1,66.9
2022-09-15,65.95,66.75
2022-09-16,65.75,66.55
2022-09-19,65.75,66.55
2022-09-20,65.85,66.65
2022-09-21,65.95,66.75
2022-09-22,65.8,66.6
2022-09-23,65.8,66.6
2022-09-26,65.6,66.4
2022-09-27,64.6,65.6
2022-09-28,64.2,65.2
2022-09-29,64.55,65.55
2022-09-30,65.4,66.4
2022-10-03,65.2,66.2
2022-10-04,65.4,66.4
2022-10-05,65.4,66.4
2022-10-06,64.7,65.7
2022-10-07,64.9,65.9
2022-10-10,66.2,67.2
2022-10-11,65.9,66.9
2022-10-12,65.9,66.9
2022-10-13,66.0,67.0
2022-10-14,66.2,67.2
2022-10-17,66.0,67.0
2022-10-18,66.1,67.1
2022-10-19,66.0,67.0
2022-10-20,66.2,67.2
2022-10-21,66.3,67.3
2022-10-24,66.3,67.3
2022-10-25,66.2,67.2
2022-10-26,66.4,67.4
2022-10-27,66.2,67.2
2022-10-28,66.1,67.1
2022-10-31,66.0,67.0
2022-11-01,66.1,67.1
2022-11-02,66.2,67.2
2022-11-03,66.0,67.0
2022-11-04,66.3,67.3
2022-11-07,66.3,67.3
2022-11-08,66.2,67.2
2022-11-09,66.5,67.5
2022-11-10,66.3,67.3
2022-11-11,66.6,67.6
2022-11-14,66.5,67.5
2022-11-15,66.7,67.7
2022-11-16,66.7,67.7
2022-11-17,66.7,67.7
2022-11-18,66.6,67.6
2022-11-21,66.5,67.5
2022-11-22,66.5,67.5
2022-11-23,66.5,67.5
2022-11-24,66.6,67.6
2022-11-25,66.7,67.7
2022-11-28,66.65,67.45
2022-11-29,66.5,67.3
2022-11-30,66.5,67.3
2022-12-01,66.35,67.15
2022-12-02,66.2,67.0
2022-12-05,66.25,67.05
2022-12-06,66.35,67.15
2022-12-07,66.1,66.9
2022-12-08,66.35,67.15
2022-12-09,66.3,67.1
2022-12-12,66.4,67.2
2022-12-13,66.1,66.9
2022-12-14,66.2,67.0
2022-12-15,66.0,66.8
2022-12-16,66.1,66.9
2022-12-19,66.2,67.0
2022-12-20,66.4,67.2
2022-12-21,66.0,66.8
2022-12-22,66.1,66.9
2022-12-23,66.1,66.9
2022-12-26,66.1,66.9
2022-12-27,65.8,66.6
2022-12-28,65.9,66.7
2022-12-29,65.9,66.7
2022-12-30,65.9,66.7
2023-01-03,66.3,67.1
2023-01-04,66.5,67.3
2023-01-05,66.2,67.0
2023-01-06,66.3,67.1
2023-01-09,66.0,66.8
2023-01-10,66.1,66.9
2023-01-11,66.15,66.95
2023-01-12,66.2,67.0
2023-01-13,66.5,67.3
2023-01-16,66.4,67.2
2023-01-17,66.7,67.5
2023-01-18,66.8,67.6
2023-01-19,66.9,67.9
2023-01-27,67.5,68.5
2023-01-30,66.4,67.4
2023-01-31,66.2,67.6
2023-02-01,66.6,67.4
2023-02-02,67.0,67.8
2023-02-03,66.7,67.5
2023-02-06,66.4,67.2
2023-02-07,66.55,67.35
2023-02-08,66.7,67.5
2023-02-09,66.55,67.35
2023-02-10,66.5,67.3
2023-02-13,66.45,67.25
2023-02-14,66.6,67.4
2023-02-15,66.4,67.2
2023-02-16,66.35,67.15
2023-02-17,66.25,67.05
2023-02-20,66.3,67.1
2023-02-21,66.2,67.0
2023-02-22,66.3,67.1
2023-02-23,66.3,67.0
2023-02-24,66.3,67.0
2023-02-27,66.05,66.75
2023-02-28,66.1,66.8
2023-03-02,66.15,66.85
2023-03-03,66.1,66.8
2023-03-06,66.15,66.85
2023-03-07,66.0,66.7
2023-03-08,65.85,66.55
2023-03-09,65.85,66.55
2023-03-10,65.85,66.55
2023-03-13,66.3,67.0
2023-03-14,66.15,66.85
2023-03-15,65.95,66.65
2023-03-16,66.3,67.0
2023-03-17,66.45,67.15
2023-03-20,66.9,67.6
2023-03-21,66.6,67.3
2023-03-22,66.45,67.15
2023-03-23,66.6,67.5
2023-03-24,66.6,67.5
2023-03-27,66.65,67.35
2023-03-28,66.45,67.15
2023-03-29,66.45,67.15
2023-03-30,66.4,67.0
2023-03-31,66.45,67.05
2023-04-03,66.45,67.05
2023-04-04,66.45,67.05
2023-04-05,66.55,67.15
2023-04-06,66.5,67.1
2023-04-07,66.45,67.05
2023-04-10,66.45,67.05
2023-04-11,66.4,67.0
2023-04-12,66.4,67.0
2023-04-13,66.5,67.1
2023-04-14,66.5,67.1
2023-04-17,66.6,67.2
2023-04-18,66.5,67.1
2023-04-19,66.35,66.95
2023-04-20,66.4,67.0
2023-04-21,66.35,66.95
2023-04-24,66.4,67.0
2023-04-25,66.45,67.05
2023-04-26,66.55,67.15
2023-04-27,66.55,67.15
2023-04-28,66.6,67.2
2023-05-03,66.55,67.15
2023-05-04,66.6,67.2
2023-05-05,66.5,67.1
2023-05-08,66.5,67.1
2023-05-09,66.6,67.2
2023-05-10,66.5,67.1
2023-05-11,66.65,67.25
2023-05-12,66.55,67.15
2023-05-15,66.65,67.25
2023-05-16,66.55,67.15
2023-05-17,66.5,67.1
2023-05-18,66.55,67.15
2023-05-19,66.65,67.25
2023-05-22,66.6,67.2
2023-05-23,66.55,67.15
2023-05-24,66.5,67.1
2023-05-25,66.5,67.1
2023-05-26,66.45,67.05
2023-05-29,66.4,67.0
2023-05-30,66.4,67.0
2023-05-31,66.45,67.05
2023-06-01,66.4,67.0
2023-06-02,66.45,67.05
2023-06-05,66.55,67.15
2023-06-06,66.4,67.0
2023-06-07,66.45,67.05
2023-06-08,66.4,67.0
2023-06-09,66.5,67.1
2023-06-12,66.5,67.1
2023-06-13,66.5,67.1
2023-06-14,66.55,67.15
2023-06-15,66.55,67.15
2023-06-16,66.55,67.15
2023-06-19,66.45,67.05
2023-06-20,66.5,67.1
2023-06-21,66.4,67.0
2023-06-22,66.45,67.05
2023-06-23,66.45,67.05
2023-06-26,66.4,67.0
2023-06-27,66.35,66.95
2023-06-28,66.4,67.0
2023-06-29,66.45,67.05
2023-06-30,66.35,66.95
2023-07-03,66.4,67.0
2023-07-04,66.5,67.1
2023-07-05,66.35,66.95
2023-07-06,66.45,67.05
2023-07-07,66.45,67.05
2023-07-10,66.5,67.1
2023-07-11,66.6,67.2
2023-07-12,66.6,67.2
2023-07-13,66.75,67.35
2023-07-14,66.65,67.25
2023-07-17,66.6,67.2
2023-07-19,66.6,67.2
2023-07-20,66.6,67.2
2023-07-21,66.45,67.05
2023-07-24,66.6,67.2
2023-07-25,66.65,67.25
2023-07-26,66.6,67.2
2023-07-27,66.75,67.35
2023-07-28,66.65,67.25
2023-07-31,66.65,67.25
2023-08-01,66.75,67.35
2023-08-02,66.6,67.2
2023-08-03,66.6,67.2
2023-08-04,66.6,67.2
2023-08-07,66.8,67.4
2023-08-08,66.7,67.3
2023-08-09,66.65,67.25
2023-08-10,66.7,67.3
2023-08-11,66.9,67.5
2023-08-14,66.9,67.5
2023-08-15,67.0,67.6
2023-08-16,66.95,67.55
2023-08-17,67.0,67.6
2023-08-18,67.05,67.65
2023-08-21,66.95,67.55
2023-08-22,67.05,67.65
2023-08-23,67.3,67.9
2023-08-24,67.35,67.95
2023-08-25,67.35,67.95
2023-08-28,67.5,68.1
2023-08-29,67.55,68.15
2023-08-30,67.5,68.1
2023-08-31,67.65,68.25
2023-09-01,67.55,68.25
2023-09-05,67.75,68.35
2023-09-06,67.8,68.4
2023-09-07,68.05,68.65
2023-09-08,68.05,68.75
2023-09-11,68.2,68.9
2023-09-12,68.05,68.75
2023-09-13,67.95,68.65
2023-09-14,67.8,68.5
2023-09-15,68.0,68.7
2023-09-18,68.35,69.05
2023-09-19,68.45,69.15
2023-09-20,68.5,69.2
2023-09-21,68.35,69.05
2023-09-22,68.35,69.05
2023-09-25,68.25,68.95
2023-09-26,68.1,68.8
2023-09-27,68.1,68.8
2023-09-28,68.15,68.85
2023-09-29,68.1,68.8
2023-10-02,68.3,69.0
2023-10-03,68.2,68.9
2023-10-04,68.25,68.95
2023-10-05,68.3,69.0
2023-10-06,68.4,69.1
2023-10-09,68.9,69.6
2023-10-10,69.05,69.75
2023-10-11,69.15,69.85
2023-10-12,69.55,70.25
2023-10-13,69.45,70.15
2023-10-16,69.7,70.4
2023-10-17,69.5,70.2
2023-10-18,69.5,70.2
2023-10-19,69.75,70.45
2023-10-20,70.25,70.95
2023-10-23,70.1,70.8
2023-10-24,69.85,70.55
2023-10-31,70.1,70.8
2023-11-01,70.05,70.75
2023-11-02,69.95,70.65
2023-11-03,69.65,70.35
2023-11-06,68.5,69.8
2023-11-07,68.9,69.9
2023-11-08,69.3,70.3
2023-11-09,69.1,70.1
2023-11-10,69.3,70.3
2023-11-13,69.5,70.3
2023-11-14,69.55,70.35
2023-11-15,69.8,70.6
2023-11-16,69.75,70.55
2023-11-17,70.0,70.8
2023-11-20,70.15,70.85
2023-11-21,70.5,71.2
2023-11-22,71.1,71.8
2023-11-23,70.8,71.6
2023-11-24,71.0,71.8
2023-11-27,71.7,72.5
2023-11-28,72.5,73.5
2023-11-29,72.4,73.6
2023-11-30,72.4,73.6
2023-12-01,72.3,73.5
2023-12-04,73.0,74.2
2023-12-05,73.2,74.4
2023-12-06,73.0,74.2
2023-12-07,72.9,74.1
2023-12-08,73.1,74.1
2023-12-11,72.75,73.75
2023-12-12,72.6,73.6
2023-12-13,72.8,73.8
2023-12-14,73.3,74.3
2023-12-15,73.5,74.5
2023-12-18,73.4,74.4
2023-12-19,73.9,74.9
2023-12-20,74.6,75.6
2023-12-21,74.8,75.8
2023-12-22,75.8,76.8
2023-12-25,77.4,78.4
2023-12-26,77.4,79.2
2023-12-27,77.8,79.5
2023-12-28,74.5,77.5
2023-12-29,73.0,76.0
2024-01-02,72.0,75.0
2024-01-03,72.5,75.5
2024-01-04,72.0,75.0
2024-01-05,72.0,75.0
2024-01-08,71.0,74.0
2024-01-09,71.5,74.5
2024-01-10,71.5,74.5
2024-01-11,72.8,75.3
2024-01-12,73.5,76.0
2024-01-15,74.0,76.5
2024-01-16,74.0,76.5
2024-01-17,73.7,76.2
2024-01-18,74.0,76.5
2024-01-19,74.3,76.8
2024-01-22,73.5,76.0
2024-01-23,74.0,76.5
2024-01-24,74.2,76.7
2024-01-25,74.0,76.5
2024-01-26,74.3,76.8
2024-01-29,74.3,76.8
2024-01-30,74.9,77.4
2024-01-31,75.4,77.9
2024-02-01,76.0,78.3
2024-02-02,76.2,78.5
2024-02-05,76.2,78.4
2024-02-06,76.3,78.5
2024-02-07,76.7,78.9
2024-02-15,76.5,78.8
2024-02-16,76.2,78.4
2024-02-19,75.0,78.0
2024-02-20,75.9,78.2
2024-02-21,75.8,78.0
2024-02-22,76.5,78.7
2024-02-23,76.3,78.5
2024-02-26,76.8,79.0
2024-02-27,76.9,78.9
2024-02-28,77.3,79.3
2024-02-29,77.5,79.5
2024-03-01,77.8,79.8
2024-03-04,78.4,80.4
2024-03-05,78.8,80.8
2024-03-06,79.0,81.0
2024-03-07,79.8,81.8
2024-03-08,79.9,81.9
2024-03-11,80.2,82.2
2024-03-12,80.5,82.5
2024-03-13,78.2,80.7
2024-03-14,79.5,81.5
2024-03-15,79.7,81.7
2024-03-18,79.4,81.4
2024-03-19,79.5,81.5
2024-03-20,79.4,81.4
2024-03-21,78.8,80.8
2024-03-22,78.0,80.0
2024-03-25,77.9,79.9
2024-03-26,78.3,80.3
2024-03-27,78.9,80.9
2024-03-28,79.0,81.0
2024-03-29,79.0,81.0
2024-04-01,78.6,81.1
2024-04-02,79.3,81.3
2024-04-03,79.1,81.1
2024-04-04,79.3,81.3
2024-04-05,79.5,81.5
2024-04-08,80.4,82.4
2024-04-09,82.8,84.8
2024-04-10,82.4,84.4
2024-04-11,82.2,84.2
2024-04-12,82.5,84.5
2024-04-15,82.1,84.1
2024-04-16,81.7,83.7
2024-04-17,82.1,84.1
2024-04-18,82.1,84.1
2024-04-19,81.8,83.8
2024-04-22,81.0,83.5
2024-04-23,81.0,83.3
2024-04-24,82.5,84.5
2024-04-25,82.0,84.3
2024-04-26,83.0,85.2
2024-05-02,82.9,85.1
2024-05-03,83.5,85.8
2024-05-06,84.3,86.5
2024-05-07,85.3,87.5
2024-05-08,85.2,87.5
2024-05-09,86.8,89.1
2024-05-10,90.1,92.4
2024-05-13,87.5,90.0
2024-05-14,86.0,89.0
2024-05-15,87.7,90.2
2024-05-16,87.5,90.0
2024-05-17,87.5,90.0
2024-05-20,89.0,91.0
2024-05-21,88.7,90.7
2024-05-22,88.9,90.9
2024-05-23,88.0,90.0
2024-05-24,87.5,89.5
2024-05-27,87.9,89.9
2024-05-28,88.5,90.5
2024-05-29,88.3,90.3
2024-05-30,86.3,88.8
2024-05-31,84.0,87.5
2024-06-03,77.98,79.98
2024-06-04,77.48,78.98
2024-06-05,76.78,77.98
2024-06-06,74.98,76.98
2024-06-07,74.98,76.98
2024-06-11,74.98,76.98
2024-06-12,74.98,76.98
2024-06-13,74.98,76.98
2024-06-14,74.98,76.98
2024-06-17,74.98,76.98
2024-06-19,74.98,76.98
2024-06-20,74.98,76.98
2024-06-21,74.98,76.98
2024-06-24,74.98,76.98
2024-06-26,74.98,76.98
2024-06-27,74.98,76.98
2024-06-28,74.98,76.98
2024-07-02,74.98,76.98
2024-07-03,74.98,76.98
2024-07-04,74.98,76.98
2024-07-08,74.98,76.98
2024-07-09,74.98,76.98
2024-07-10,74.98,76.98
2024-07-11,74.98,76.98
2024-07-12,75.48,76.98
2024-07-16,75.48,76.98
2024-07-17,75.98,76.98
2024-07-18,78.5,80.0
2024-07-19,78.5,80.0
2024-07-22,78.0,80.0
2024-07-23,77.5,79.5
2024-07-24,77.5,79.5
2024-07-25,77.5,79.5
2024-07-26,77.5,79.5
2024-07-29,77.5,79.5
2024-07-30,77.0,79.0
2024-07-31,77.0,79.0
2024-08-01,77.8,79.8
2024-08-02,78.3,79.8
2024-08-05,78.3,79.8
2024-08-06,77.0,79.0
2024-08-07,77.0,79.0
2024-08-09,76.5,78.5
2024-08-12,76.5,78.5
2024-08-13,78.0,80.0
2024-08-15,78.0,80.0
2024-08-16,78.0,80.0
2024-08-19,78.0,80.0
2024-08-20,79.0,81.0
2024-08-21,79.0,81.0
2024-08-23,79.0,81.0
2024-08-26,79.0,81.0
2024-08-27,79.0,81.0
2024-08-28,79.0,81.0
2024-08-29,79.0,81.0
2024-09-04,79.0,81.0
2024-09-05,78.5,80.5
2024-09-09,78.5,80.5
2024-09-10,78.5,80.5
2024-09-11,78.5,80.5
2024-09-12,78.5,80.5
2024-09-13,78.5,80.5
2024-09-16,78.5,80.5
2024-09-17,80.0,82.0
2024-09-19,79.8,81.8
2024-09-20,80.0,82.0
2024-09-23,80.0,82.0
2024-09-24,81.5,83.5
2024-09-25,81.5,83.5
2024-09-26,81.5,83.5
2024-09-27,81.5,83.5
2024-10-01,82.0,84.0
2024-10-02,82.0,84.0
2024-10-03,82.0,84.0
2024-10-04,82.0,84.0
2024-10-08,83.0,85.0
2024-10-09,83.0,85.0
2024-10-10,82.5,84.5
2024-10-11,82.5,84.5
2024-10-14,83.0,85.0
2024-10-15,83.0,85.0
2024-10-16,84.0,86.0
2024-10-17,84.0,86.0
2024-10-18,84.0,86.0
2024-10-21,86.0,88.0
2024-10-22,87.0,89.0
2024-10-23,87.0,89.0
2024-10-24,87.0,89.0
2024-10-25,87.0,89.0
2024-10-28,87.0,89.0
2024-10-29,87.0,89.0
2024-10-30,88.0,90.0
2024-10-31,88.0,90.0
2024-11-01,87.5,89.5
2024-11-04,87.0,89.0
2024-11-05,87.0,89.0
2024-11-06,87.0,89.0
2024-11-07,81.0,85.5
2024-11-08,82.0,86.0
2024-11-11,81.9,85.4
2024-11-12,80.5,84.0
2024-11-13,80.5,84.0
2024-11-14,80.0,83.5
2024-11-15,80.0,83.5
2024-11-18,81.0,84.0
2024-11-19,82.0,85.0
2024-11-20,82.7,85.7
2024-11-21,83.7,86.2
2024-11-22,85.0,87.0
2024-11-25,84.6,86.6
2024-11-26,82.7,85.2
2024-11-27,82.8,85.3
2024-11-28,82.9,85.4
2024-11-29,83.3,85.8
2024-12-02,82.8,85.3
2024-12-03,83.0,85.5
2024-12-04,83.0,85.5
2024-12-06,82.7,85.2
2024-12-09,82.7,85.2
2024-12-11,84.4,86.9
2024-12-12,84.8,87.3
2024-12-13,83.8,86.3
2024-12-16,82.6,85.1
2024-12-18,83.1,85.1
2024-12-19,82.1,84.1
2024-12-20,81.8,83.8
2024-12-23,82.5,84.5
2024-12-24,82.3,84.3
2024-12-26,82.5,84.5
2024-12-27,82.7,84.7
2024-12-30,82.5,84.5
2024-12-31,82.2,84.2
2025-01-02,83.5,85.0
2025-01-03,84.0,85.5
2025-01-06,83.5,85.0
2025-01-07,83.8,85.3
2025-01-08,84.0,85.5
2025-01-09,84.5,86.0
2025-01-10,84.7,86.2
2025-01-13,84.8,86.8
2025-01-14,84.4,86.4
2025-01-15,84.6,86.6
2025-01-16,85.0,87.0
2025-01-17,85.3,87.3
2025-01-20,84.9,86.9
2025-01-21,85.5,87.5
2025-01-22,86.2,88.2
2025-01-23,86.1,88.1
2025-01-24,86.9,88.9
2025-02-03,87.8,89.8
2025-02-04,87.6,90.1
2025-02-05,88.0,91.0
2025-02-06,86.4,89.6
2025-02-07,86.8,90.3
2025-02-10,88.3,91.3
2025-02-11,88.0,90.5
2025-02-12,86.7,90.2
2025-02-13,87.7,90.7
2025-02-14,88.3,91.3
2025-02-17,87.6,90.6
2025-02-18,88.6,91.1
2025-02-19,89.6,91.9
2025-02-20,90.0,92.3
2025-02-21,89.4,91.7
2025-02-24,89.7,92.0
2025-02-25,89.7,92.0
2025-02-26,89.0,91.3
2025-02-27,88.9,91.2
2025-02-28,88.5,90.5
2025-03-03,89.0,91.0
2025-03-04,90.7,92.7
2025-03-06,90.7,92.7
2025-03-07,91.1,93.1
2025-03-10,90.9,92.9
2025-03-11,91.0,93.0
2025-03-12,91.8,93.5
2025-03-13,92.9,94.4
2025-03-14,94.3,95.8
2025-03-17,94.8,96.1
2025-03-18,96.7,98.2
2025-03-19,98.0,99.5
2025-03-20,98.6,100.4
2025-03-21,94.7,97.7
2025-03-24,95.1,97.6
2025-03-25,95.9,97.9
2025-03-26,96.7,98.4
2025-03-27,97.4,98.9
2025-03-28,98.2,100.2
2025-03-31,99.5,101.8
2025-04-01,99.4,102.1
2025-04-02,99.1,101.8
2025-04-03,99.5,102.2
2025-04-04,98.8,101.3
2025-04-08,97.7,100.2
2025-04-09,99.7,101.9
2025-04-10,100.6,103.6
2025-04-11,102.2,105.2
2025-04-14,105.0,107.5
2025-04-15,105.5,108.0
2025-04-16,113.0,115.5
2025-04-17,115.5,118.0
2025-04-18,117.0,120.0
2025-04-21,116.0,118.0
2025-04-22,122.0,124.0
2025-04-23,116.5,119.5
2025-04-24,118.5,121.0
2025-04-25,118.5,120.5
2025-04-28,117.5,119.5
2025-04-29,119.3,121.3
2025-05-01,119.3,121.3
2025-05-02,119.3,121.3
2025-05-05,117.8,119.8
2025-05-06,120.2,122.2
2025-05-07,120.2,122.2
2025-05-08,118.5,120.5
2025-05-09,119.5,121.5
2025-05-12,117.2,119.2
2025-05-13,118.5,120.5
2025-05-14,118.0,120.0
2025-05-15,115.5,118.2
2025-05-16,115.7,118.7
2025-05-19,116.8,119.3
2025-05-20,116.8,119.3
2025-05-21,118.5,121.0
2025-05-22,118.5,120.5
2025-05-23,118.5,120.5
2025-05-26,116.5,119.0
2025-05-27,115.5,118.0
2025-05-28,116.2,118.7
2025-05-29,115.5,118.0
2025-05-30,116.0,118.5
2025-06-02,115.8,117.8
2025-06-03,114.9,117.2
2025-06-05,115.4,117.7
2025-06-06,116.0,118.0
2025-06-09,115.7,117.7
2025-06-10,116.5,118.5
2025-06-11,116.8,118.8
2025-06-12,117.0,119.0
2025-06-13,117.5,120.0
2025-06-16,117.6,119.6
2025-06-17,117.6,119.6
2025-06-19,117.4,119.4
2025-06-23,117.7,119.7
2025-06-24,117.5,119.5
2025-06-26,118.0,120.0
2025-06-27,117.7,119.7
2025-06-30,117.5,119.5
2025-07-01,118.7,120.7
2025-07-02,118.7,120.7
2025-07-03,119.3,121.3
2025-07-04,118.9,120.9
2025-07-07,118.5,120.5
2025-07-08,119.0,121.0
2025-07-09,118.6,120.6
2025-07-10,118.8,120.8
2025-07-11,119.0,121.0
2025-07-15,119.1,121.1
2025-07-16,118.6,120.6
2025-07-18,119.5,121.0
2025-07-21,120.0,121.5
2025-07-22,120.0,122.0
2025-07-23,120.7,122.7
2025-07-24,119.7,121.7
2025-07-29,119.7,121.2
2025-07-30,120.0,121.5
2025-07-31,119.9,121.4
2025-08-04,121.7,123.3
2025-08-05,122.2,123.8
2025-08-06,122.4,123.8
2025-08-07,122.4,123.8
2025-08-08,123.2,124.4
2025-08-11,122.7,123.9
2025-08-12,122.7,123.9
2025-08-13,122.7,123.9
2025-08-14,123.7,124.7
2025-08-15,123.5,124.5
2025-08-18,124.0,125.0
2025-08-20,123.8,124.8
2025-08-21,124.4,125.4
2025-08-22,124.4,125.4
2025-08-25,125.6,127.1
2025-08-26,125.7,127.7
2025-08-27,126.0,128.0
2025-08-28,127.0,128.5
2025-08-29,127.8,129.3
2025-09-03,131.9,133.4
2025-09-04,132.4,133.9
2025-09-05,132.9,134.4
2025-09-08,133.1,135.1
2025-09-09,133.8,135.8
2025-09-10,133.3,135.3
2025-09-11,130.3,133.3
2025-09-12,128.4,131.4
2025-09-15,128.6,131.1
2025-09-16,130.3,132.3
2025-09-18,130.0,132.0
2025-09-19,130.0,132.0
2025-09-22,131.6,133.6
2025-09-23,133.0,135.0
2025-09-24,133.1,135.1
2025-09-25,132.5,134.5
2025-09-29,134.5,136.5
2025-09-30,134.8,136.8
2025-10-01,136.4,138.4
2025-10-02,136.0,138.0
2025-10-03,135.8,137.8
2025-10-06,138.1,140.1
2025-10-07,138.6,140.6
2025-10-08,140.5,142.5
2025-10-09,140.5,142.5
2025-10-10,140.2,142.2
2025-10-13,142.1,144.1
2025-10-14,144.1,146.1
2025-10-15,146.0,148.0
2025-10-16,147.1,149.1
2025-10-17,151.5,153.0
2025-10-20,150.5,151.5
2025-10-21,151.5,152.5
2025-10-22,146.6,148.6
2025-10-23,147.5,149.5
2025-10-24,146.5,148.5
2025-10-27,146.9,148.4
2025-10-28,143.1,145.1
2025-10-29,146.1,148.1
2025-10-30,145.8,147.8
2025-11-04,146.2,148.2
2025-11-05,145.5,147.5
2025-11-06,146.4,148.4
2025-11-10,148.2,150.2
2025-11-11,150.0,152.0
2025-11-12,149.5,151.5
2025-11-13,152.5,154.5
2025-11-14,151.2,153.2
2025-11-17,149.0,151.0
2025-11-18,147.3,149.3
2025-11-19,149.0,151.0
2025-11-20,148.3,150.3
2025-11-21,147.8,149.8
2025-11-25,150.9,152.9
2025-11-26,151.4,153.4
2025-11-28,152.2,154.2
2025-12-01,153.2,155.2
2025-12-02,152.5,154.5
2025-12-03,152.5,154.5
2025-12-04,151.8,153.8
2025-12-05,152.2,154.2
2025-12-08,152.5,154.5
2025-12-09,151.7,153.7
2025-12-10,152.7,154.7
2025-12-11,152.5,154.5
2025-12-12,153.6,155.6
2025-12-15,155.2,157.2
2025-12-16,153.6,155.6
2025-12-17,154.2,156.2
2025-12-18,154.4,156.4
2025-12-22,155.5,157.5
2025-12-23,157.0,159.0
2025-12-24,157.2,159.2
2025-12-25,156.8,158.8
2025-12-26,157.4,159.4
2025-12-29,156.0,158.0
2025-12-30,152.7,154.7
2025-12-31,150.8,152.8
2026-01-05,155.1,157.1
2026-01-06,156.0,158.0
2026-01-07,156.1,158.1
2026-01-08,155.2,157.2
2026-01-09,156.3,158.3
2026-01-12,160.0,162.0
2026-01-14,161.5,163.5
2026-01-15,160.8,162.8
2026-01-19,163.0,165.0
2026-01-20,164.1,166.1
2026-01-21,168.5,170.5
2026-01-22,167.3,169.3
2026-01-23,170.2,172.2
2026-01-26,175.0,177.0
2026-01-27,175.3,177.3
2026-01-28,181.7,184.2
2026-01-29,186.6,189.6
2026-01-30,178.0,181.0
2026-02-02,163.0,166.0
2026-02-03,173.5,176.5
2026-02-04,177.2,180.2
2026-02-05,174.2,177.2
2026-02-06,173.5,176.5
2026-02-09,177.4,180.4
2026-02-10,178.0,181.0
2026-02-13,176.0,179.0
2026-02-23,181.6,184.6
2026-02-25,182.3,185.3
2026-02-26,181.0,184.0
2026-02-27,181.0,184.0
2026-03-02,187.9,190.9
2026-03-03,185.2,188.2
2026-03-04,181.2,184.2
2026-03-05,181.7,184.7
2026-03-06,180.8,183.8
2026-03-09,181.1,184.1
2026-03-10,183.1,186.1
2026-03-11,184.2,187.2
2026-03-12,183.3,186.3
2026-03-13,181.8,184.8
2026-03-16,180.1,183.1
2026-03-17,180.0,183.0
2026-03-19,172.5,175.5
2026-03-20,173.1,176.1
2026-03-23,163.0,166.0
2026-03-24,167.2,170.2
2026-03-25,170.5,173.5
2026-03-26,168.5,171.5
2026-03-27,168.6,171.6
2026-03-30,170.8,173.8
2026-03-31,171.9,174.9
2026-04-01,173.7,176.7
2026-04-02,170.0,173.5
2026-04-03,171.0,174.5
2026-04-06,170.1,173.1
2026-04-07,169.5,172.5
2026-04-08,171.0,175.0
2026-04-09,168.5,171.5
2026-04-10,169.7,172.7
2026-04-13,168.5,171.5
2026-04-14,170.5,173.0
2026-04-15,170.0,173.5
2026-04-16,167.7,171.2
2026-04-17,167.5,171.0
2026-04-20,168.3,171.3
2026-04-21,168.1,170.6
2026-04-22,167.5,170.0
2026-04-23,166.7,169.2
2026-04-24,165.5,168.0
2026-04-27,166.29999999999998,168.79999999999998
2026-04-28,164.5,167.5
2026-04-29,163.0,166.0
2026-05-01,163.0,166.0
2026-05-04,163.6,166.6
2026-05-05,162.0,165.0
2026-05-06,163.0,166.0
2026-05-07,164.5,167.5
2026-05-08,164.5,167.5
2026-05-11,162.9,165.9
2026-05-12,162.5,165.5
2026-05-13,162.0,165.0
2026-05-15,161.0,164.0
2026-05-18,160.5,163.5
2026-05-19,161.0,163.5
2026-05-20,159.0,162.0
2026-05-21,159.4,162.4
2026-05-22,159.4,162.4
2026-05-25,159.0,162.0
2026-05-26,158.5,161.5
2026-05-27,157.7,160.7
2026-05-28,154.5,157.5
2026-05-29,155.5,158.5
2026-06-01,155.5,158.5
2026-06-02,154.5,157.5
2026-06-03,154.0,157.0
2026-06-04,153.0,156.0
2026-06-05,149.2,153.2
2026-06-08,141.5,146.5
2026-06-09,138.8,143.8
2026-06-10,133.3,138.3
2026-06-11,133.4,138.4
2026-06-12,142.4,145.4
2026-06-15,148.0,150.5
2026-06-16,149.5,151.5
2026-06-17,149.8,151.8
2026-06-19,143.7,146.7
2026-06-22,145.6,148.6
2026-06-23,144.0,147.0
2026-06-24,144.0,147.0
2026-06-25,143.2,146.2
2026-06-26,143.2,146.2
2026-06-29,145.0,148.0
2026-06-30,144.0,147.0
2026-07-01,143.4,146.4
2026-07-02,145.4,148.4
2026-07-03,148.4,151.4
2026-07-07,147.5,150.5
2026-07-13,145.4,148.4
2026-07-14,144.5,147.5
2026-07-20,144.2,147.2
2026-07-21,143.4,146.4
2026-07-22,144.0,147.0
2026-07-23,135.0,140.0
2026-07-24,134.5,139.5
2026-07-27,139.0,143.0
2026-07-28,137.5,141.5
2026-07-29,136.5,140.5
2026-07-30,137.7,141.7
2026-07-31,138.2,142.2
2026-08-03,137.5,141.5
2026-08-05,138.0,141.0
2026-08-06,139.7,142.7
2026-08-07,139.2,142.2
2026-08-10,140.5,143.5
